model,fn,ece,ece_lo,ece_hi,mce,brier,brier_lo,brier_hi,nll,split
hidden,0.0,0.007814404999308616,0.0076870019771668446,0.007937377809157662,0.06874687597155571,0.0070993956,0.0070264274,0.007169979,0.03205963,1
hidden,0.1,0.02069574935514853,0.020561554982722902,0.02084684766069529,0.16447091102600098,0.026345968,0.026265796,0.026432524,0.115708455,1
hidden,0.25,0.025826957562770307,0.02567844256148879,0.025959173559441988,0.17025041580200195,0.04151141,0.041393887,0.04161627,0.15472174,1
hidden,0.5,0.02846068495993976,0.028308029652787198,0.02862410291573783,0.11316603422164917,0.06044269,0.060303662,0.060567725,0.20862956,1
hidden,0.75,0.03641193740763926,0.03623098649464253,0.03659976143431537,0.12246382236480713,0.07955088,0.07936245,0.0797072,0.26621264,1
hidden,0.9,0.04563620384861837,0.04539214056104788,0.0458446197526196,0.09293559193611145,0.0941773,0.09398106,0.09439896,0.31484106,1
nohidden,0.0,0.0069702803190855025,0.006899602536416373,0.0070345878329513105,0.060396015644073486,0.006464353,0.0064250776,0.0065016453,0.03371564,1
nohidden,0.1,0.021157274160757234,0.021032713828231464,0.021254779144711383,0.09521722793579102,0.027553579,0.027462339,0.02763146,0.14701301,1
nohidden,0.25,0.023553454860579817,0.02340870598432245,0.023676394412773395,0.08573687076568604,0.04045447,0.04035342,0.040552046,0.15496975,1
nohidden,0.5,0.023460736991382194,0.023317273541750064,0.023628217745080966,0.07412785291671753,0.05742163,0.05728974,0.0575461,0.19736783,1
nohidden,0.75,0.02770984996263051,0.02753150053009534,0.027916633257771377,0.08280450105667114,0.07432261,0.07413773,0.0744877,0.24609043,1
nohidden,0.9,0.03571813884925934,0.03548156556066028,0.03594032836994342,0.06981034576892853,0.08743449,0.08723041,0.08765873,0.287161,1
hidden,0.0,0.006750989721033883,0.006654207990536286,0.006860113968557001,0.0803632140159607,0.0066698412,0.0066159144,0.006729448,0.03272644,2
hidden,0.1,0.025016462767998512,0.024891859809477272,0.025136260334471364,0.10130587220191956,0.029563855,0.029476276,0.029649666,0.14344977,2
hidden,0.25,0.030111942765002734,0.029981599680111118,0.03023412813647527,0.19056040048599243,0.04531904,0.045192536,0.045421336,0.17219712,2
hidden,0.5,0.033923052639573806,0.033760018697581065,0.03407919288504715,0.13853293657302856,0.0662226,0.06606701,0.0663691,0.23172505,2
hidden,0.75,0.043971054924968694,0.04378440039979974,0.04417387243017436,0.13350129127502441,0.08749883,0.08727713,0.08769581,0.2963894,2
hidden,0.9,0.05414157924781262,0.05392918835374154,0.054346990907501516,0.10466524958610535,0.103096925,0.1028596,0.103299,0.34971046,2
nohidden,0.0,0.006619582200020854,0.006554145878455064,0.006686649051261451,0.07835736870765686,0.0063367253,0.006301175,0.0063744225,0.034514192,2
nohidden,0.1,0.024110755506576764,0.024002955493123198,0.024241788996809004,0.0818985104560852,0.029465366,0.029377319,0.02956974,0.16178417,2
nohidden,0.25,0.026610527002708852,0.026491921768006917,0.02672707366088841,0.15423661470413208,0.04346575,0.043358915,0.043558184,0.1682329,2
nohidden,0.5,0.028715068936176317,0.028572343460526763,0.028847116359845933,0.10324710607528687,0.06329642,0.06315365,0.063421965,0.21914023,2
nohidden,0.75,0.03480649815016475,0.034663300764261676,0.034978344158203306,0.09513777494430542,0.08250678,0.08232681,0.08266057,0.27496406,2
nohidden,0.9,0.044717351868276155,0.044555489900449864,0.04490676910976623,0.09069886803627014,0.096943595,0.096763775,0.097129405,0.32131073,2
hidden,0.0,0.007211624391310456,0.007133294045327223,0.007295195952601122,0.05614280700683594,0.006777913,0.006734062,0.0068285544,0.032088425,3
hidden,0.1,0.02036272111003496,0.020237823851176766,0.020467716564830592,0.1300358772277832,0.025544923,0.025436489,0.025634015,0.11831908,3
hidden,0.25,0.0243272053456648,0.0242184922143293,0.02443975291651219,0.1499212682247162,0.039295644,0.039169528,0.03942059,0.14820045,3
hidden,0.5,0.02960132679742581,0.029470573920399815,0.02974161450929724,0.12888842821121216,0.05821806,0.058041543,0.058394745,0.20274983,3
hidden,0.75,0.038230482112175966,0.03807367317604161,0.038412161279818884,0.1202651858329773,0.07662977,0.07639505,0.076881215,0.25850904,3
hidden,0.9,0.04698815807812547,0.046704479780637825,0.047271238813056046,0.10145184397697449,0.09049808,0.09015635,0.090821944,0.3058485,3
nohidden,0.0,0.006868905671256358,0.006817332096046248,0.006936937238562275,0.06193786859512329,0.00633367,0.006302616,0.006370979,0.0326001,3
nohidden,0.1,0.02007862874985279,0.019963689660299582,0.020195692272515862,0.0735282301902771,0.025672238,0.025564987,0.02577078,0.13418551,3
nohidden,0.25,0.022625025469794363,0.0225301259292683,0.022739794571681408,0.10213571786880493,0.03822228,0.038094074,0.038362082,0.14650895,3
nohidden,0.5,0.025583226871445295,0.025460183446135473,0.025715357628163644,0.10486984252929688,0.055758364,0.055569623,0.05593471,0.19307618,3
nohidden,0.75,0.030830369715549526,0.03067268611691608,0.030987543203074997,0.09375780820846558,0.07226526,0.07202023,0.07248282,0.24156542,3
nohidden,0.9,0.03991046061186391,0.03963993971605089,0.04014190836066437,0.09186173975467682,0.08497457,0.084659755,0.08523489,0.28297412,3
hidden,0.0,0.007337044328572764,0.00725199155412816,0.007422576865540743,0.06408810615539551,0.007282014,0.0072260993,0.0073382095,0.034097265,4
hidden,0.1,0.019571572540564457,0.019441385181132725,0.019708225766971482,0.04398191720247269,0.025455466,0.025354452,0.02555593,0.12129299,4
hidden,0.25,0.02326278233014908,0.023125968698342853,0.023420681860566558,0.10880959033966064,0.03807753,0.03794796,0.038225427,0.14551874,4
hidden,0.5,0.028174847295341206,0.027999002096561157,0.028345917414067886,0.12072229385375977,0.056190398,0.05598924,0.05640433,0.19964744,4
hidden,0.75,0.03646922866561772,0.03627540800418563,0.036653515214034905,0.11355608701705933,0.07367796,0.073445186,0.07395365,0.25451133,4
hidden,0.9,0.04505900416210003,0.04480249765524257,0.04531333467474535,0.09313349425792694,0.08710601,0.08679706,0.087450854,0.30171663,4
nohidden,0.0,0.0074006282609567695,0.007327142194986096,0.007486517391110538,0.07754528522491455,0.0068635065,0.006822058,0.006906781,0.035067175,4
nohidden,0.1,0.020824910946478904,0.020696705598853,0.02096776260511759,0.04180258512496948,0.026274929,0.026161158,0.026402453,0.14066388,4
nohidden,0.25,0.02379947678998502,0.02365779144444714,0.02396586845738848,0.10162568092346191,0.03815843,0.038015068,0.038311236,0.14893945,4
nohidden,0.5,0.025625094182919084,0.02547470520960363,0.025799199268574217,0.09637808799743652,0.054722507,0.054531857,0.054952744,0.19339523,4
nohidden,0.75,0.03041108411713588,0.030218187411800188,0.030615817228167932,0.08498555421829224,0.070822224,0.07058464,0.07111468,0.24229366,4
nohidden,0.9,0.04005319846230578,0.039801964450748815,0.04031587842380323,0.08361485600471497,0.08429004,0.083984286,0.084648594,0.2876405,4
hidden,0.0,0.03894122058685595,0.03871952986790872,0.039218617443371184,0.4428912401199341,0.027830327,0.027668476,0.028014725,0.14323433,5
hidden,0.1,0.03600356150942541,0.03586096333025089,0.03617870928422254,0.28693339228630066,0.040235,0.040116284,0.04037761,0.19048862,5
hidden,0.25,0.038548333458391856,0.03840628303173022,0.03869692047262734,0.19616395235061646,0.05610315,0.055950746,0.05624791,0.24555391,5
hidden,0.5,0.04877225171676312,0.0485524196113965,0.04897057061911954,0.12768590450286865,0.08252763,0.08230474,0.0827527,0.3275821,5
hidden,0.75,0.06397287239848917,0.06371779876507634,0.06422234117562431,0.13008195161819458,0.10832752,0.10803514,0.1086295,0.416422,5
hidden,0.9,0.08012429990904253,0.07977877792132544,0.08043754848568124,0.14932388812303543,0.12762354,0.127278,0.12796435,0.49834403,5
nohidden,0.0,0.012053304508170716,0.011960188023560822,0.012150782015647382,0.09784144163131714,0.010997695,0.010938356,0.011052378,0.08737544,5
nohidden,0.1,0.028493522157097665,0.028402951183328955,0.028608689355635486,0.1079670786857605,0.03515224,0.035061445,0.03524208,0.19548927,5
nohidden,0.25,0.035043545079894184,0.03488219271240682,0.035200152131654346,0.1217430830001831,0.052777153,0.052633844,0.052926894,0.23054215,5
nohidden,0.5,0.04143173843574053,0.04122350408402111,0.04160237426988424,0.09465068578720093,0.07723439,0.07702706,0.07744587,0.30029485,5
nohidden,0.75,0.051656438632276196,0.05139532263834676,0.05186541037067855,0.1105184555053711,0.10060476,0.10033012,0.10086609,0.37449995,5
nohidden,0.9,0.06216364359120173,0.061871170033510094,0.06244113977438263,0.10938742756843567,0.115711495,0.11541121,0.11601745,0.43050644,5
hidden,0.0,0.00809014167875623,0.007991039216360858,0.008163693642877444,0.06532302498817444,0.007920092,0.0078665055,0.007965911,0.035767265,6
hidden,0.1,0.019448490400965447,0.019308350580648264,0.01955743991215862,0.06159663200378418,0.024883686,0.024780305,0.024973674,0.11687523,6
hidden,0.25,0.02411744605062073,0.023966854108484075,0.024251247440573078,0.12717866897583008,0.03753808,0.03736834,0.03763687,0.14427489,6
hidden,0.5,0.028418023161787893,0.02823253024302852,0.02858606079568669,0.12718170881271362,0.054832406,0.054588936,0.055011775,0.19541608,6
hidden,0.75,0.035763272280453624,0.03553205166606029,0.03598940497966946,0.11904251575469971,0.071604356,0.071272805,0.071832545,0.24817736,6
hidden,0.9,0.04241517543132729,0.042099042400601944,0.04266196257813757,0.08171708881855011,0.083987065,0.0835587,0.08428442,0.29162115,6
nohidden,0.0,0.007966107360769878,0.007882837920374166,0.00803113609111716,0.0704750120639801,0.0071572973,0.007117413,0.007192014,0.035772365,6
nohidden,0.1,0.020129526413927772,0.01999649456094399,0.020237904506205943,0.06648606061935425,0.025152694,0.02502413,0.025244014,0.13172857,6
nohidden,0.25,0.024659434217998658,0.024505737671092043,0.024793075065132508,0.117745041847229,0.037521046,0.037339896,0.037642423,0.14692044,6
nohidden,0.5,0.025566014044759645,0.02539668657874522,0.025706617597840906,0.0956038236618042,0.05314547,0.05289084,0.05332469,0.18814032,6
nohidden,0.75,0.030023669275339848,0.029805444227682658,0.03023776143928969,0.08406788110733032,0.06870227,0.068373635,0.06892474,0.2356291,6
nohidden,0.9,0.03835918606274843,0.03803482333080374,0.03860587376621925,0.07946339249610901,0.08143736,0.081017114,0.08172136,0.27858087,6
hidden,0.0,0.0059162088767263235,0.005856969746598683,0.005983109439129824,0.07194393873214722,0.005943728,0.005911128,0.0059781894,0.02769916,7
hidden,0.1,0.019715234014433803,0.01962526540971807,0.019836883144473558,0.07752543687820435,0.025833378,0.025767056,0.02591614,0.12174347,7
hidden,0.25,0.024429643218926822,0.02430699770744414,0.024541449058817083,0.1525118350982666,0.04024935,0.040158864,0.040347304,0.15007505,7
hidden,0.5,0.027033783976035508,0.026900578312883283,0.027173615858602587,0.12087750434875488,0.059373356,0.059248988,0.059509177,0.20354989,7
hidden,0.75,0.035198142410260765,0.03502652883119297,0.03535513369346839,0.13005423545837402,0.07850126,0.07833779,0.07866153,0.2607237,7
hidden,0.9,0.044092674643573034,0.04390066664593346,0.04426531414618867,0.08708272874355316,0.09301433,0.09283036,0.09322378,0.30844608,7
nohidden,0.0,0.006402949808489867,0.006350874859979858,0.006457857794260739,0.08546572923660278,0.006096646,0.006069377,0.006123636,0.03120684,7
nohidden,0.1,0.020439757482729252,0.020342506114682683,0.02053974093861857,0.08593784458935261,0.02671912,0.026644874,0.02679775,0.1378294,7
nohidden,0.25,0.0226841960594096,0.02257702256963003,0.022811193254593656,0.09015712141990662,0.039433688,0.03935071,0.03953273,0.15005766,7
nohidden,0.5,0.022572520584925003,0.02244559257005879,0.02271204469004318,0.0857042670249939,0.05652527,0.056402624,0.05665658,0.19359377,7
nohidden,0.75,0.02758738501624659,0.02743730222460336,0.027746259941332504,0.08641386032104492,0.07355165,0.07340017,0.07370309,0.24327587,7
nohidden,0.9,0.035884120450795025,0.03567303362627934,0.03603989229362637,0.07270511984825134,0.08656877,0.08638769,0.08673684,0.28412837,7
hidden,0.0,0.005740399041629699,0.0056701234612210345,0.005798540200095682,0.06862324476242065,0.0058259047,0.0057857344,0.00586376,0.026834367,8
hidden,0.1,0.020103235146219783,0.020006231017170167,0.020203236206227656,0.06668819673359394,0.02526951,0.02519668,0.025345886,0.12114787,8
hidden,0.25,0.023670589434826503,0.023555619585608933,0.02381731384682391,0.10087716579437256,0.038084675,0.038005114,0.03818464,0.14252166,8
hidden,0.5,0.02494072075426884,0.024807470251400576,0.02506820928417922,0.11025112867355347,0.05505341,0.05494371,0.05519605,0.18892835,8
hidden,0.75,0.032812466551345884,0.032647516718331916,0.032972925927999816,0.12814271450042725,0.07263634,0.07249169,0.0728091,0.24118471,8
hidden,0.9,0.04161173791566389,0.04143374688143085,0.0417812704538556,0.09003220498561859,0.0863931,0.08622111,0.08660676,0.28719187,8
nohidden,0.0,0.006009662571304919,0.005940106302031053,0.006065300060575839,0.07876300811767578,0.00590635,0.0058670924,0.0059402375,0.028515162,8
nohidden,0.1,0.020289423819778343,0.02019190840066338,0.02038508365212233,0.06946967914700508,0.02588117,0.025788309,0.02595864,0.13549073,8
nohidden,0.25,0.021798229757113187,0.0216916951423845,0.021929727735515117,0.09628903865814209,0.03718599,0.037104085,0.037290856,0.14011513,8
nohidden,0.5,0.022290168852614655,0.022176377473441738,0.02241932854786281,0.08823156356811523,0.053287826,0.053175464,0.05342384,0.18248595,8
nohidden,0.75,0.02658346780007783,0.02643067049486832,0.026724079221595545,0.08374190330505371,0.06884214,0.06869261,0.069028504,0.22764282,8
nohidden,0.9,0.03485271318063768,0.03466186635889888,0.03503266849337213,0.07694676518440247,0.08127072,0.08109007,0.08148726,0.26674837,8
hidden,0.0,0.021078948073085874,0.0209051462991601,0.021240447785605368,0.21520021557807922,0.01656406,0.01644885,0.016664986,0.10189677,9
hidden,0.1,0.029545420282828933,0.029418595445678777,0.02967349970446641,0.21277540922164917,0.035304666,0.035205502,0.03540109,0.17952143,9
hidden,0.25,0.03667960792254948,0.03653499409598263,0.036818054357260176,0.17117351293563843,0.053340793,0.053198658,0.053468082,0.23275633,9
hidden,0.5,0.046280291260591154,0.04609386084445984,0.046465689696576426,0.13538557291030884,0.07904584,0.0788431,0.079235815,0.3097691,9
hidden,0.75,0.05997123761247631,0.059713300236824106,0.06019686514897796,0.1212950348854065,0.10343947,0.10316087,0.103694685,0.39280656,9
hidden,0.9,0.07539171125331863,0.07511953402391292,0.07568502815621658,0.14716769754886627,0.12174537,0.12143282,0.12203445,0.4686774,9
nohidden,0.0,0.009998999851586645,0.009925983825802205,0.010060853987434653,0.049107372760772705,0.009519371,0.009471059,0.009558867,0.07824766,9
nohidden,0.1,0.02899106197703243,0.02888018192615917,0.029090560695715844,0.08384674042463303,0.03479818,0.03471157,0.034881525,0.21179196,9
nohidden,0.25,0.03482179669807439,0.034700243574335786,0.03496090683651718,0.08790141344070435,0.051294614,0.05117346,0.051404417,0.2262,9
nohidden,0.5,0.03800135611558253,0.037810073890461975,0.03816887214231021,0.09264099597930908,0.0738255,0.073637575,0.07400135,0.2806987,9
nohidden,0.75,0.04603747742026763,0.04580518261611853,0.04620275067161648,0.09680193662643433,0.095593795,0.0953453,0.09580798,0.34818923,9
nohidden,0.9,0.05681863532372982,0.05660490326558185,0.05706284394307338,0.10078832507133484,0.11046365,0.1101982,0.1106927,0.40140557,9
hidden,0.0,0.00653364698942458,0.00646818364324897,0.006611954529811657,0.06543368101119995,0.006406663,0.006368662,0.0064519434,0.029356744,10
hidden,0.1,0.020388874204460835,0.02024858259800347,0.02049893687529362,0.08405637741088867,0.025741536,0.025636602,0.025831662,0.12346276,10
hidden,0.25,0.023748716420997667,0.02361038227785431,0.02388773165594817,0.15675300359725952,0.038996458,0.038859066,0.039111525,0.14606886,10
hidden,0.5,0.027304892892208384,0.027145739845850256,0.027455019674973952,0.11272507905960083,0.057601064,0.057393804,0.057762954,0.19999799,10
hidden,0.75,0.035728476009160695,0.035538028641368714,0.03590041196753219,0.10960322618484497,0.07588072,0.075613976,0.07607949,0.25557336,10
hidden,0.9,0.04558671772500858,0.04529043540068353,0.04582272630953883,0.0963076651096344,0.09018516,0.08983158,0.09046168,0.3037741,10
nohidden,0.0,0.006836941952072443,0.006774011426630437,0.006905727582670814,0.0762399435043335,0.00629573,0.006260806,0.006333823,0.031496953,10
nohidden,0.1,0.02138406181013634,0.02124983842841228,0.02148434435495157,0.06434684991836548,0.026657686,0.026545182,0.026747288,0.14308263,10
nohidden,0.25,0.02252809643813371,0.022395199575174562,0.02265409977317967,0.11469665169715881,0.03821138,0.038074773,0.03832127,0.14545305,10
nohidden,0.5,0.024584723173395644,0.02444069813950083,0.02473199522508048,0.09500062465667725,0.055862017,0.05566345,0.056012332,0.192831,10
nohidden,0.75,0.030026235384304167,0.029855442044508598,0.030181968143803015,0.08635711669921875,0.072573274,0.07231859,0.07276263,0.24200687,10
nohidden,0.9,0.039960030486181436,0.03969995447748076,0.04019776375539853,0.08992215991020203,0.085741036,0.085410036,0.08599744,0.28461394,10
