COG	Escherichia_coli
COG0001	1
COG0002	1
COG0004	1
COG0005	1
COG0006	1
COG0007	1
COG0008	1
COG0009	1
COG0010	1
COG0012	1
COG0013	1
COG0014	1
COG0015	1
COG0016	1
COG0017	1
COG0018	1
COG0019	1
COG0020	1
COG0021	1
COG0023	1
COG0024	1
COG0025	1
COG0026	1
COG0027	1
COG0028	1
COG0029	1
COG0030	1
COG0031	1
COG0033	1
COG0034	1
COG0035	1
COG0036	1
COG0037	1
COG0038	1
COG0039	1
COG0040	1
COG0041	1
COG0042	1
COG0043	1
COG0044	1
COG0045	1
COG0046	1
COG0048	1
COG0049	1
COG0050	1
COG0051	1
COG0052	1
COG0053	1
COG0054	1
COG0055	1
COG0056	1
COG0057	1
COG0058	1
COG0059	1
COG0060	1
COG0061	1
COG0062	1
COG0065	1
COG0066	1
COG0067	1
COG0068	1
COG0071	1
COG0072	1
COG0073	1
COG0074	1
COG0076	1
COG0077	1
COG0078	1
COG0079	1
COG0080	1
COG0081	1
COG0082	1
COG0083	1
COG0084	1
COG0085	1
COG0086	1
COG0087	1
COG0088	1
COG0089	1
COG0090	1
COG0091	1
COG0092	1
COG0093	1
COG0094	1
COG0095	1
COG0096	1
COG0097	1
COG0098	1
COG0099	1
COG0100	1
COG0101	1
COG0102	1
COG0103	1
COG0104	1
COG0105	1
COG0106	1
COG0107	1
COG0108	1
COG0109	1
COG0110	1
COG0111	1
COG0112	1
COG0113	1
COG0114	1
COG0115	1
COG0116	1
COG0117	1
COG0118	1
COG0119	1
COG0120	1
COG0121	1
COG0122	1
COG0124	1
COG0125	1
COG0126	1
COG0127	1
COG0128	1
COG0129	1
COG0130	1
COG0131	1
COG0132	1
COG0133	1
COG0134	1
COG0136	1
COG0137	1
COG0138	1
COG0139	1
COG0141	1
COG0142	1
COG0144	1
COG0147	1
COG0148	1
COG0149	1
COG0150	1
COG0151	1
COG0152	1
COG0153	1
COG0154	1
COG0155	1
COG0156	1
COG0157	1
COG0158	1
COG0159	1
COG0160	1
COG0161	1
COG0162	1
COG0163	1
COG0164	1
COG0165	1
COG0166	1
COG0167	1
COG0168	1
COG0169	1
COG0171	1
COG0172	1
COG0173	1
COG0174	1
COG0175	1
COG0176	1
COG0177	1
COG0178	1
COG0179	1
COG0180	1
COG0181	1
COG0182	1
COG0183	1
COG0184	1
COG0185	1
COG0186	1
COG0187	1
COG0188	1
COG0189	1
COG0190	1
COG0191	1
COG0192	1
COG0193	1
COG0194	1
COG0195	1
COG0196	1
COG0197	1
COG0198	1
COG0199	1
COG0200	1
COG0201	1
COG0202	1
COG0203	1
COG0204	1
COG0205	1
COG0206	1
COG0207	1
COG0208	1
COG0209	1
COG0210	1
COG0211	1
COG0212	1
COG0213	1
COG0215	1
COG0216	1
COG0217	1
COG0218	1
COG0219	1
COG0220	1
COG0221	1
COG0222	1
COG0223	1
COG0224	1
COG0225	1
COG0226	1
COG0227	1
COG0228	1
COG0229	1
COG0230	1
COG0231	1
COG0232	1
COG0233	1
COG0234	1
COG0235	1
COG0236	1
COG0237	1
COG0238	1
COG0239	1
COG0240	1
COG0241	1
COG0242	1
COG0243	1
COG0244	1
COG0245	1
COG0246	1
COG0247	1
COG0248	1
COG0249	1
COG0250	1
COG0251	1
COG0252	1
COG0253	1
COG0254	1
COG0255	1
COG0256	1
COG0257	1
COG0258	1
COG0259	1
COG0260	1
COG0261	1
COG0262	1
COG0263	1
COG0264	1
COG0265	1
COG0266	1
COG0267	1
COG0268	1
COG0269	1
COG0270	1
COG0271	1
COG0272	1
COG0274	1
COG0275	1
COG0276	1
COG0277	1
COG0278	1
COG0279	1
COG0280	1
COG0281	1
COG0282	1
COG0283	1
COG0284	1
COG0285	1
COG0286	1
COG0287	1
COG0288	1
COG0289	1
COG0290	1
COG0291	1
COG0292	1
COG0293	1
COG0294	1
COG0295	1
COG0296	1
COG0297	1
COG0298	1
COG0299	1
COG0300	1
COG0301	1
COG0302	1
COG0303	1
COG0304	1
COG0305	1
COG0306	1
COG0307	1
COG0308	1
COG0309	1
COG0312	1
COG0313	1
COG0314	1
COG0315	1
COG0316	1
COG0317	1
COG0318	1
COG0319	1
COG0320	1
COG0321	1
COG0322	1
COG0323	1
COG0324	1
COG0325	1
COG0326	1
COG0327	1
COG0328	1
COG0329	1
COG0330	1
COG0331	1
COG0332	1
COG0333	1
COG0334	1
COG0335	1
COG0336	1
COG0337	1
COG0338	1
COG0339	1
COG0340	1
COG0341	1
COG0342	1
COG0343	1
COG0344	1
COG0345	1
COG0346	1
COG0347	1
COG0348	1
COG0349	1
COG0350	1
COG0351	1
COG0352	1
COG0353	1
COG0354	1
COG0355	1
COG0356	1
COG0357	1
COG0358	1
COG0359	1
COG0360	1
COG0361	1
COG0362	1
COG0363	1
COG0364	1
COG0365	1
COG0366	1
COG0367	1
COG0368	1
COG0369	1
COG0370	1
COG0371	1
COG0372	1
COG0373	1
COG0374	1
COG0375	1
COG0376	1
COG0377	1
COG0378	1
COG0379	1
COG0380	1
COG0381	1
COG0382	1
COG0384	1
COG0385	1
COG0386	1
COG0387	1
COG0388	1
COG0389	1
COG0390	1
COG0391	1
COG0392	1
COG0393	1
COG0394	1
COG0395	1
COG0396	1
COG0397	1
COG0398	1
COG0399	1
COG0400	1
COG0401	1
COG0402	1
COG0403	1
COG0404	1
COG0405	1
COG0406	1
COG0407	1
COG0408	1
COG0409	1
COG0410	1
COG0411	1
COG0412	1
COG0413	1
COG0414	1
COG0415	1
COG0416	1
COG0417	1
COG0418	1
COG0419	1
COG0420	1
COG0421	1
COG0422	1
COG0424	1
COG0425	1
COG0426	1
COG0428	1
COG0429	1
COG0430	1
COG0431	1
COG0432	1
COG0433	1
COG0434	1
COG0435	1
COG0436	1
COG0437	1
COG0438	1
COG0439	1
COG0440	1
COG0441	1
COG0442	1
COG0443	1
COG0444	1
COG0445	1
COG0446	1
COG0447	1
COG0448	1
COG0449	1
COG0450	1
COG0451	1
COG0452	1
COG0454	1
COG0457	1
COG0458	1
COG0459	1
COG0460	1
COG0461	1
COG0462	1
COG0463	1
COG0465	1
COG0466	1
COG0468	1
COG0469	1
COG0470	1
COG0471	1
COG0472	1
COG0473	1
COG0474	1
COG0475	1
COG0476	1
COG0477	1
COG0479	1
COG0480	1
COG0481	1
COG0482	1
COG0483	1
COG0484	1
COG0486	1
COG0488	1
COG0489	1
COG0491	1
COG0492	1
COG0493	1
COG0494	1
COG0495	1
COG0496	1
COG0497	1
COG0498	1
COG0500	1
COG0501	1
COG0502	1
COG0503	1
COG0504	1
COG0505	1
COG0506	1
COG0507	1
COG0508	1
COG0509	1
COG0510	1
COG0511	1
COG0512	1
COG0513	1
COG0514	1
COG0515	1
COG0516	1
COG0517	1
COG0518	1
COG0520	1
COG0521	1
COG0522	1
COG0523	1
COG0524	1
COG0525	1
COG0526	1
COG0527	1
COG0528	1
COG0529	1
COG0530	1
COG0531	1
COG0532	1
COG0533	1
COG0534	1
COG0536	1
COG0537	1
COG0538	1
COG0539	1
COG0540	1
COG0541	1
COG0542	1
COG0543	1
COG0544	1
COG0545	1
COG0546	1
COG0547	1
COG0548	1
COG0549	1
COG0550	1
COG0551	1
COG0552	1
COG0553	1
COG0554	1
COG0555	1
COG0556	1
COG0557	1
COG0558	1
COG0559	1
COG0560	1
COG0561	1
COG0563	1
COG0564	1
COG0565	1
COG0566	1
COG0567	1
COG0568	1
COG0569	1
COG0571	1
COG0572	1
COG0573	1
COG0574	1
COG0575	1
COG0576	1
COG0577	1
COG0578	1
COG0579	1
COG0580	1
COG0581	1
COG0582	1
COG0583	1
COG0584	1
COG0585	1
COG0586	1
COG0587	1
COG0588	1
COG0589	1
COG0590	1
COG0591	1
COG0592	1
COG0593	1
COG0594	1
COG0596	1
COG0597	1
COG0598	1
COG0600	1
COG0601	1
COG0602	1
COG0603	1
COG0604	1
COG0605	1
COG0606	1
COG0607	1
COG0608	1
COG0609	1
COG0610	1
COG0611	1
COG0612	1
COG0613	1
COG0614	1
COG0615	1
COG0616	1
COG0617	1
COG0619	1
COG0620	1
COG0621	1
COG0622	1
COG0623	1
COG0624	1
COG0625	1
COG0626	1
COG0627	1
COG0628	1
COG0629	1
COG0631	1
COG0632	1
COG0633	1
COG0634	1
COG0635	1
COG0636	1
COG0637	1
COG0639	1
COG0640	1
COG0641	1
COG0642	1
COG0643	1
COG0644	1
COG0646	1
COG0647	1
COG0648	1
COG0649	1
COG0650	1
COG0651	1
COG0652	1
COG0653	1
COG0654	1
COG0655	1
COG0656	1
COG0657	1
COG0658	1
COG0659	1
COG0661	1
COG0662	1
COG0663	1
COG0664	1
COG0665	1
COG0666	1
COG0667	1
COG0668	1
COG0669	1
COG0670	1
COG0671	1
COG0672	1
COG0673	1
COG0674	1
COG0676	1
COG0677	1
COG0679	1
COG0680	1
COG0681	1
COG0682	1
COG0683	1
COG0684	1
COG0685	1
COG0687	1
COG0688	1
COG0689	1
COG0690	1
COG0691	1
COG0692	1
COG0693	1
COG0695	1
COG0696	1
COG0697	1
COG0698	1
COG0699	1
COG0700	1
COG0701	1
COG0702	1
COG0703	1
COG0704	1
COG0705	1
COG0706	1
COG0707	1
COG0708	1
COG0709	1
COG0710	1
COG0711	1
COG0712	1
COG0713	1
COG0714	1
COG0715	1
COG0716	1
COG0717	1
COG0718	1
COG0719	1
COG0720	1
COG0722	1
COG0725	1
COG0726	1
COG0727	1
COG0728	1
COG0729	1
COG0730	1
COG0732	1
COG0735	1
COG0736	1
COG0737	1
COG0738	1
COG0739	1
COG0740	1
COG0741	1
COG0742	1
COG0743	1
COG0744	1
COG0745	1
COG0746	1
COG0747	1
COG0750	1
COG0751	1
COG0752	1
COG0753	1
COG0754	1
COG0755	1
COG0756	1
COG0758	1
COG0760	1
COG0761	1
COG0762	1
COG0763	1
COG0764	1
COG0765	1
COG0766	1
COG0767	1
COG0768	1
COG0769	1
COG0770	1
COG0771	1
COG0772	1
COG0773	1
COG0774	1
COG0775	1
COG0776	1
COG0777	1
COG0778	1
COG0779	1
COG0780	1
COG0781	1
COG0782	1
COG0783	1
COG0784	1
COG0786	1
COG0787	1
COG0788	1
COG0789	1
COG0790	1
COG0791	1
COG0792	1
COG0793	1
COG0794	1
COG0795	1
COG0796	1
COG0797	1
COG0799	1
COG0800	1
COG0801	1
COG0802	1
COG0803	1
COG0805	1
COG0806	1
COG0807	1
COG0809	1
COG0810	1
COG0811	1
COG0812	1
COG0813	1
COG0814	1
COG0815	1
COG0816	1
COG0817	1
COG0818	1
COG0820	1
COG0821	1
COG0822	1
COG0823	1
COG0824	1
COG0825	1
COG0826	1
COG0827	1
COG0828	1
COG0833	1
COG0834	1
COG0835	1
COG0837	1
COG0838	1
COG0839	1
COG0840	1
COG0841	1
COG0842	1
COG0843	1
COG0845	1
COG0846	1
COG0847	1
COG0848	1
COG0849	1
COG0850	1
COG0851	1
COG0853	1
COG0854	1
COG0855	1
COG0858	1
COG0859	1
COG0860	1
COG0861	1
COG0864	1
COG1001	1
COG1004	1
COG1005	1
COG1007	1
COG1008	1
COG1009	1
COG1011	1
COG1012	1
COG1015	1
COG1017	1
COG1018	1
COG1020	1
COG1021	1
COG1024	1
COG1025	1
COG1027	1
COG1028	1
COG1032	1
COG1034	1
COG1040	1
COG1043	1
COG1044	1
COG1045	1
COG1047	1
COG1048	1
COG1049	1
COG1051	1
COG1052	1
COG1053	1
COG1054	1
COG1055	1
COG1056	1
COG1057	1
COG1058	1
COG1061	1
COG1062	1
COG1063	1
COG1064	1
COG1066	1
COG1067	1
COG1069	1
COG1070	1
COG1072	1
COG1073	1
COG1074	1
COG1075	1
COG1076	1
COG1077	1
COG1080	1
COG1082	1
COG1083	1
COG1085	1
COG1087	1
COG1088	1
COG1089	1
COG1090	1
COG1091	1
COG1092	1
COG1104	1
COG1105	1
COG1108	1
COG1109	1
COG1112	1
COG1113	1
COG1114	1
COG1115	1
COG1116	1
COG1117	1
COG1118	1
COG1119	1
COG1120	1
COG1121	1
COG1122	1
COG1123	1
COG1124	1
COG1125	1
COG1126	1
COG1127	1
COG1129	1
COG1131	1
COG1132	1
COG1133	1
COG1134	1
COG1135	1
COG1136	1
COG1137	1
COG1138	1
COG1139	1
COG1140	1
COG1142	1
COG1143	1
COG1145	1
COG1154	1
COG1157	1
COG1158	1
COG1159	1
COG1160	1
COG1162	1
COG1165	1
COG1166	1
COG1167	1
COG1168	1
COG1169	1
COG1171	1
COG1172	1
COG1173	1
COG1174	1
COG1175	1
COG1176	1
COG1177	1
COG1178	1
COG1179	1
COG1180	1
COG1181	1
COG1182	1
COG1185	1
COG1186	1
COG1187	1
COG1188	1
COG1190	1
COG1191	1
COG1192	1
COG1194	1
COG1195	1
COG1196	1
COG1197	1
COG1198	1
COG1199	1
COG1200	1
COG1203	1
COG1207	1
COG1208	1
COG1209	1
COG1210	1
COG1211	1
COG1212	1
COG1214	1
COG1215	1
COG1216	1
COG1217	1
COG1218	1
COG1219	1
COG1220	1
COG1221	1
COG1225	1
COG1226	1
COG1230	1
COG1234	1
COG1235	1
COG1238	1
COG1242	1
COG1247	1
COG1249	1
COG1251	1
COG1252	1
COG1253	1
COG1254	1
COG1256	1
COG1261	1
COG1263	1
COG1267	1
COG1271	1
COG1272	1
COG1275	1
COG1276	1
COG1278	1
COG1279	1
COG1280	1
COG1281	1
COG1282	1
COG1283	1
COG1285	1
COG1286	1
COG1288	1
COG1289	1
COG1291	1
COG1292	1
COG1294	1
COG1295	1
COG1296	1
COG1298	1
COG1299	1
COG1301	1
COG1304	1
COG1309	1
COG1312	1
COG1314	1
COG1317	1
COG1319	1
COG1321	1
COG1322	1
COG1324	1
COG1327	1
COG1328	1
COG1330	1
COG1335	1
COG1338	1
COG1344	1
COG1345	1
COG1346	1
COG1349	1
COG1352	1
COG1357	1
COG1359	1
COG1360	1
COG1363	1
COG1368	1
COG1376	1
COG1377	1
COG1380	1
COG1381	1
COG1385	1
COG1387	1
COG1388	1
COG1391	1
COG1393	1
COG1396	1
COG1397	1
COG1399	1
COG1403	1
COG1409	1
COG1414	1
COG1418	1
COG1422	1
COG1423	1
COG1426	1
COG1434	1
COG1435	1
COG1438	1
COG1440	1
COG1441	1
COG1442	1
COG1443	1
COG1444	1
COG1445	1
COG1446	1
COG1447	1
COG1448	1
COG1450	1
COG1451	1
COG1452	1
COG1454	1
COG1455	1
COG1457	1
COG1459	1
COG1461	1
COG1462	1
COG1463	1
COG1464	1
COG1466	1
COG1472	1
COG1473	1
COG1475	1
COG1476	1
COG1477	1
COG1479	1
COG1482	1
COG1484	1
COG1485	1
COG1486	1
COG1488	1
COG1489	1
COG1490	1
COG1494	1
COG1495	1
COG1496	1
COG1501	1
COG1502	1
COG1508	1
COG1509	1
COG1511	1
COG1512	1
COG1514	1
COG1515	1
COG1516	1
COG1518	1
COG1519	1
COG1520	1
COG1522	1
COG1523	1
COG1525	1
COG1526	1
COG1528	1
COG1529	1
COG1530	1
COG1534	1
COG1535	1
COG1536	1
COG1538	1
COG1539	1
COG1540	1
COG1544	1
COG1546	1
COG1551	1
COG1553	1
COG1554	1
COG1555	1
COG1556	1
COG1558	1
COG1559	1
COG1560	1
COG1561	1
COG1566	1
COG1570	1
COG1575	1
COG1576	1
COG1580	1
COG1584	1
COG1585	1
COG1586	1
COG1587	1
COG1589	1
COG1593	1
COG1595	1
COG1596	1
COG1597	1
COG1600	1
COG1607	1
COG1609	1
COG1611	1
COG1613	1
COG1619	1
COG1620	1
COG1622	1
COG1626	1
COG1629	1
COG1638	1
COG1640	1
COG1643	1
COG1645	1
COG1649	1
COG1651	1
COG1652	1
COG1653	1
COG1660	1
COG1661	1
COG1662	1
COG1663	1
COG1666	1
COG1670	1
COG1671	1
COG1677	1
COG1678	1
COG1680	1
COG1682	1
COG1684	1
COG1686	1
COG1690	1
COG1694	1
COG1695	1
COG1702	1
COG1704	1
COG1705	1
COG1706	1
COG1715	1
COG1720	1
COG1722	1
COG1729	1
COG1732	1
COG1733	1
COG1734	1
COG1735	1
COG1737	1
COG1738	1
COG1739	1
COG1740	1
COG1741	1
COG1742	1
COG1746	1
COG1749	1
COG1752	1
COG1758	1
COG1760	1
COG1762	1
COG1763	1
COG1764	1
COG1765	1
COG1766	1
COG1767	1
COG1770	1
COG1773	1
COG1775	1
COG1778	1
COG1780	1
COG1781	1
COG1783	1
COG1785	1
COG1788	1
COG1792	1
COG1794	1
COG1801	1
COG1802	1
COG1803	1
COG1804	1
COG1806	1
COG1807	1
COG1811	1
COG1815	1
COG1816	1
COG1819	1
COG1820	1
COG1823	1
COG1825	1
COG1826	1
COG1830	1
COG1832	1
COG1835	1
COG1838	1
COG1840	1
COG1841	1
COG1842	1
COG1843	1
COG1845	1
COG1846	1
COG1853	1
COG1854	1
COG1858	1
COG1859	1
COG1862	1
COG1866	1
COG1868	1
COG1869	1
COG1872	1
COG1877	1
COG1879	1
COG1881	1
COG1882	1
COG1884	1
COG1886	1
COG1893	1
COG1894	1
COG1896	1
COG1897	1
COG1898	1
COG1902	1
COG1904	1
COG1905	1
COG1912	1
COG1914	1
COG1917	1
COG1918	1
COG1921	1
COG1922	1
COG1923	1
COG1924	1
COG1925	1
COG1929	1
COG1932	1
COG1934	1
COG1937	1
COG1940	1
COG1943	1
COG1944	1
COG1946	1
COG1947	1
COG1949	1
COG1951	1
COG1952	1
COG1953	1
COG1954	1
COG1956	1
COG1957	1
COG1959	1
COG1960	1
COG1961	1
COG1965	1
COG1966	1
COG1968	1
COG1969	1
COG1970	1
COG1971	1
COG1972	1
COG1974	1
COG1975	1
COG1977	1
COG1979	1
COG1982	1
COG1983	1
COG1984	1
COG1986	1
COG1987	1
COG1988	1
COG1989	1
COG1995	1
COG1999	1
COG2001	1
COG2003	1
COG2005	1
COG2008	1
COG2009	1
COG2011	1
COG2015	1
COG2017	1
COG2021	1
COG2022	1
COG2025	1
COG2027	1
COG2031	1
COG2032	1
COG2038	1
COG2041	1
COG2049	1
COG2050	1
COG2055	1
COG2057	1
COG2060	1
COG2062	1
COG2063	1
COG2066	1
COG2067	1
COG2068	1
COG2072	1
COG2076	1
COG2077	1
COG2079	1
COG2080	1
COG2081	1
COG2084	1
COG2085	1
COG2086	1
COG2087	1
COG2089	1
COG2091	1
COG2095	1
COG2103	1
COG2104	1
COG2105	1
COG2109	1
COG2110	1
COG2113	1
COG2115	1
COG2116	1
COG2120	1
COG2127	1
COG2128	1
COG2132	1
COG2133	1
COG2134	1
COG2135	1
COG2137	1
COG2141	1
COG2142	1
COG2145	1
COG2146	1
COG2148	1
COG2149	1
COG2153	1
COG2156	1
COG2160	1
COG2161	1
COG2162	1
COG2165	1
COG2166	1
COG2168	1
COG2169	1
COG2170	1
COG2171	1
COG2175	1
COG2177	1
COG2180	1
COG2181	1
COG2182	1
COG2183	1
COG2184	1
COG2186	1
COG2188	1
COG2189	1
COG2190	1
COG2193	1
COG2194	1
COG2195	1
COG2197	1
COG2199	1
COG2200	1
COG2201	1
COG2204	1
COG2207	1
COG2211	1
COG2213	1
COG2215	1
COG2216	1
COG2217	1
COG2220	1
COG2222	1
COG2223	1
COG2224	1
COG2225	1
COG2227	1
COG2230	1
COG2233	1
COG2234	1
COG2236	1
COG2240	1
COG2244	1
COG2249	1
COG2252	1
COG2255	1
COG2256	1
COG2258	1
COG2259	1
COG2261	1
COG2262	1
COG2264	1
COG2265	1
COG2267	1
COG2268	1
COG2269	1
COG2271	1
COG2274	1
COG2301	1
COG2303	1
COG2304	1
COG2311	1
COG2313	1
COG2315	1
COG2321	1
COG2323	1
COG2327	1
COG2332	1
COG2334	1
COG2336	1
COG2337	1
COG2350	1
COG2351	1
COG2352	1
COG2353	1
COG2354	1
COG2356	1
COG2360	1
COG2363	1
COG2372	1
COG2373	1
COG2375	1
COG2376	1
COG2377	1
COG2378	1
COG2382	1
COG2386	1
COG2388	1
COG2390	1
COG2391	1
COG2407	1
COG2414	1
COG2425	1
COG2431	1
COG2440	1
COG2501	1
COG2502	1
COG2513	1
COG2515	1
COG2518	1
COG2519	1
COG2603	1
COG2606	1
COG2609	1
COG2610	1
COG2704	1
COG2706	1
COG2707	1
COG2716	1
COG2717	1
COG2718	1
COG2719	1
COG2721	1
COG2723	1
COG2731	1
COG2732	1
COG2733	1
COG2747	1
COG2755	1
COG2761	1
COG2764	1
COG2766	1
COG2771	1
COG2801	1
COG2804	1
COG2805	1
COG2807	1
COG2812	1
COG2813	1
COG2816	1
COG2818	1
COG2819	1
COG2820	1
COG2821	1
COG2822	1
COG2823	1
COG2824	1
COG2825	1
COG2826	1
COG2827	1
COG2828	1
COG2829	1
COG2831	1
COG2832	1
COG2834	1
COG2835	1
COG2837	1
COG2840	1
COG2841	1
COG2844	1
COG2846	1
COG2850	1
COG2853	1
COG2854	1
COG2855	1
COG2860	1
COG2861	1
COG2862	1
COG2864	1
COG2866	1
COG2867	1
COG2877	1
COG2878	1
COG2879	1
COG2882	1
COG2884	1
COG2885	1
COG2888	1
COG2890	1
COG2891	1
COG2893	1
COG2894	1
COG2895	1
COG2896	1
COG2897	1
COG2900	1
COG2901	1
COG2906	1
COG2908	1
COG2909	1
COG2911	1
COG2912	1
COG2913	1
COG2914	1
COG2915	1
COG2916	1
COG2917	1
COG2918	1
COG2919	1
COG2920	1
COG2921	1
COG2922	1
COG2923	1
COG2924	1
COG2925	1
COG2926	1
COG2927	1
COG2929	1
COG2933	1
COG2937	1
COG2938	1
COG2943	1
COG2944	1
COG2949	1
COG2951	1
COG2956	1
COG2959	1
COG2960	1
COG2961	1
COG2962	1
COG2963	1
COG2964	1
COG2965	1
COG2966	1
COG2967	1
COG2968	1
COG2969	1
COG2972	1
COG2973	1
COG2974	1
COG2975	1
COG2976	1
COG2977	1
COG2979	1
COG2980	1
COG2981	1
COG2982	1
COG2983	1
COG2988	1
COG2989	1
COG2990	1
COG2992	1
COG2995	1
COG2999	1
COG3001	1
COG3004	1
COG3005	1
COG3006	1
COG3008	1
COG3009	1
COG3010	1
COG3012	1
COG3013	1
COG3015	1
COG3017	1
COG3021	1
COG3022	1
COG3023	1
COG3024	1
COG3025	1
COG3026	1
COG3027	1
COG3028	1
COG3029	1
COG3030	1
COG3031	1
COG3033	1
COG3034	1
COG3036	1
COG3037	1
COG3038	1
COG3040	1
COG3042	1
COG3043	1
COG3045	1
COG3047	1
COG3048	1
COG3050	1
COG3051	1
COG3052	1
COG3053	1
COG3054	1
COG3055	1
COG3056	1
COG3057	1
COG3058	1
COG3059	1
COG3060	1
COG3061	1
COG3062	1
COG3064	1
COG3065	1
COG3066	1
COG3067	1
COG3068	1
COG3069	1
COG3070	1
COG3071	1
COG3072	1
COG3073	1
COG3074	1
COG3075	1
COG3076	1
COG3078	1
COG3079	1
COG3080	1
COG3081	1
COG3082	1
COG3083	1
COG3084	1
COG3085	1
COG3086	1
COG3087	1
COG3088	1
COG3089	1
COG3090	1
COG3091	1
COG3092	1
COG3093	1
COG3094	1
COG3095	1
COG3096	1
COG3097	1
COG3098	1
COG3099	1
COG3100	1
COG3101	1
COG3102	1
COG3103	1
COG3104	1
COG3105	1
COG3106	1
COG3107	1
COG3108	1
COG3109	1
COG3110	1
COG3111	1
COG3112	1
COG3113	1
COG3114	1
COG3115	1
COG3116	1
COG3117	1
COG3118	1
COG3119	1
COG3120	1
COG3121	1
COG3122	1
COG3123	1
COG3124	1
COG3125	1
COG3126	1
COG3127	1
COG3128	1
COG3129	1
COG3130	1
COG3131	1
COG3132	1
COG3133	1
COG3134	1
COG3135	1
COG3136	1
COG3137	1
COG3138	1
COG3139	1
COG3140	1
COG3141	1
COG3142	1
COG3143	1
COG3144	1
COG3145	1
COG3147	1
COG3148	1
COG3149	1
COG3150	1
COG3151	1
COG3152	1
COG3153	1
COG3154	1
COG3155	1
COG3156	1
COG3157	1
COG3158	1
COG3159	1
COG3160	1
COG3161	1
COG3162	1
COG3164	1
COG3165	1
COG3166	1
COG3170	1
COG3171	1
COG3173	1
COG3177	1
COG3180	1
COG3181	1
COG3182	1
COG3187	1
COG3188	1
COG3189	1
COG3190	1
COG3192	1
COG3193	1
COG3194	1
COG3201	1
COG3203	1
COG3204	1
COG3208	1
COG3210	1
COG3214	1
COG3221	1
COG3223	1
COG3226	1
COG3228	1
COG3234	1
COG3237	1
COG3238	1
COG3242	1
COG3247	1
COG3248	1
COG3250	1
COG3251	1
COG3254	1
COG3257	1
COG3260	1
COG3261	1
COG3263	1
COG3265	1
COG3266	1
COG3267	1
COG3272	1
COG3274	1
COG3275	1
COG3276	1
COG3279	1
COG3283	1
COG3284	1
COG3288	1
COG3290	1
COG3297	1
COG3301	1
COG3302	1
COG3303	1
COG3304	1
COG3307	1
COG3311	1
COG3312	1
COG3313	1
COG3317	1
COG3320	1
COG3328	1
COG3333	1
COG3340	1
COG3344	1
COG3366	1
COG3381	1
COG3383	1
COG3384	1
COG3385	1
COG3391	1
COG3394	1
COG3395	1
COG3405	1
COG3414	1
COG3415	1
COG3417	1
COG3418	1
COG3422	1
COG3423	1
COG3436	1
COG3443	1
COG3444	1
COG3445	1
COG3447	1
COG3449	1
COG3451	1
COG3454	1
COG3455	1
COG3456	1
COG3457	1
COG3464	1
COG3468	1
COG3477	1
COG3486	1
COG3497	1
COG3498	1
COG3499	1
COG3500	1
COG3501	1
COG3505	1
COG3514	1
COG3515	1
COG3516	1
COG3517	1
COG3518	1
COG3519	1
COG3520	1
COG3521	1
COG3522	1
COG3523	1
COG3524	1
COG3529	1
COG3530	1
COG3539	1
COG3547	1
COG3549	1
COG3550	1
COG3552	1
COG3562	1
COG3563	1
COG3568	1
COG3585	1
COG3591	1
COG3592	1
COG3593	1
COG3596	1
COG3604	1
COG3605	1
COG3610	1
COG3615	1
COG3622	1
COG3623	1
COG3624	1
COG3625	1
COG3626	1
COG3627	1
COG3628	1
COG3633	1
COG3634	1
COG3637	1
COG3638	1
COG3639	1
COG3642	1
COG3645	1
COG3647	1
COG3650	1
COG3658	1
COG3663	1
COG3668	1
COG3677	1
COG3678	1
COG3680	1
COG3681	1
COG3684	1
COG3685	1
COG3691	1
COG3695	1
COG3696	1
COG3697	1
COG3698	1
COG3700	1
COG3703	1
COG3709	1
COG3710	1
COG3711	1
COG3712	1
COG3713	1
COG3714	1
COG3715	1
COG3716	1
COG3717	1
COG3719	1
COG3720	1
COG3721	1
COG3722	1
COG3723	1
COG3724	1
COG3725	1
COG3726	1
COG3727	1
COG3729	1
COG3730	1
COG3731	1
COG3732	1
COG3734	1
COG3735	1
COG3738	1
COG3740	1
COG3747	1
COG3753	1
COG3755	1
COG3756	1
COG3757	1
COG3758	1
COG3765	1
COG3766	1
COG3768	1
COG3769	1
COG3770	1
COG3771	1
COG3772	1
COG3775	1
COG3776	1
COG3781	1
COG3783	1
COG3784	1
COG3785	1
COG3787	1
COG3788	1
COG3789	1
COG3790	1
COG3811	1
COG3822	1
COG3829	1
COG3831	1
COG3833	1
COG3835	1
COG3836	1
COG3840	1
COG3842	1
COG3850	1
COG3851	1
COG3852	1
COG3863	1
COG3895	1
COG3905	1
COG3923	1
COG3924	1
COG3943	1
COG3954	1
COG3960	1
COG3969	1
COG3977	1
COG3978	1
COG3979	1
COG4047	1
COG4095	1
COG4104	1
COG4105	1
COG4106	1
COG4107	1
COG4108	1
COG4114	1
COG4115	1
COG4117	1
COG4123	1
COG4126	1
COG4133	1
COG4134	1
COG4135	1
COG4136	1
COG4137	1
COG4138	1
COG4139	1
COG4143	1
COG4145	1
COG4146	1
COG4147	1
COG4148	1
COG4149	1
COG4150	1
COG4154	1
COG4160	1
COG4166	1
COG4168	1
COG4171	1
COG4174	1
COG4175	1
COG4176	1
COG4177	1
COG4178	1
COG4181	1
COG4191	1
COG4192	1
COG4197	1
COG4206	1
COG4208	1
COG4211	1
COG4213	1
COG4214	1
COG4215	1
COG4220	1
COG4221	1
COG4222	1
COG4232	1
COG4235	1
COG4238	1
COG4239	1
COG4245	1
COG4248	1
COG4256	1
COG4264	1
COG4269	1
COG4302	1
COG4303	1
COG4372	1
COG4405	1
COG4409	1
COG4452	1
COG4521	1
COG4525	1
COG4529	1
COG4531	1
COG4533	1
COG4535	1
COG4536	1
COG4540	1
COG4558	1
COG4559	1
COG4565	1
COG4568	1
COG4570	1
COG4571	1
COG4572	1
COG4573	1
COG4574	1
COG4575	1
COG4576	1
COG4577	1
COG4578	1
COG4579	1
COG4580	1
COG4582	1
COG4584	1
COG4589	1
COG4591	1
COG4592	1
COG4594	1
COG4597	1
COG4598	1
COG4608	1
COG4615	1
COG4619	1
COG4623	1
COG4626	1
COG4635	1
COG4639	1
COG4650	1
COG4656	1
COG4657	1
COG4658	1
COG4659	1
COG4660	1
COG4667	1
COG4670	1
COG4672	1
COG4676	1
COG4677	1
COG4678	1
COG4679	1
COG4681	1
COG4682	1
COG4685	1
COG4691	1
COG4693	1
COG4694	1
COG4695	1
COG4715	1
COG4718	1
COG4723	1
COG4733	1
COG4735	1
COG4737	1
COG4763	1
COG4766	1
COG4772	1
COG4773	1
COG4774	1
COG4775	1
COG4776	1
COG4778	1
COG4779	1
COG4783	1
COG4785	1
COG4786	1
COG4787	1
COG4795	1
COG4796	1
COG4806	1
COG4807	1
COG4808	1
COG4810	1
COG4811	1
COG4812	1
COG4816	1
COG4819	1
COG4820	1
COG4857	1
COG4869	1
COG4890	1
COG4907	1
COG4917	1
COG4928	1
COG4932	1
COG4942	1
COG4943	1
COG4948	1
COG4953	1
COG4967	1
COG4969	1
COG4972	1
COG4973	1
COG4974	1
COG4975	1
COG4977	1
COG4987	1
COG4988	1
COG4989	1
COG4992	1
COG4993	1
COG5001	1
COG5002	1
COG5004	1
COG5005	1
COG5006	1
COG5007	1
COG5009	1
COG5013	1
COG5283	1
COG5295	1
COG5301	1
COG5302	1
COG5339	1
COG5342	1
COG5351	1
COG5383	1
COG5393	1
COG5404	1
COG5405	1
COG5421	1
COG5426	1
COG5433	1
COG5445	1
COG5455	1
COG5457	1
COG5463	1
COG5464	1
COG5475	1
COG5487	1
COG5492	1
COG5499	1
COG5507	1
COG5510	1
COG5511	1
COG5515	1
COG5525	1
COG5532	1
COG5544	1
COG5557	1
COG5562	1
COG5567	1
COG5569	1
COG5571	1
COG5581	1
COG5606	1
COG5633	1
COG5645	1
COG5653	1
