COG_ID	p_c
COG0001	0.601214
COG0002	0.718176
COG0003	0.217027
COG0004	0.649499
COG0005	0.61872
COG0006	0.905948
COG0007	0.53047
COG0008	0.974691
COG0009	0.912281
COG0010	0.514787
COG0011	0.222674
COG0012	0.942022
COG0013	0.965054
COG0014	0.695033
COG0015	0.824385
COG0016	0.94726
COG0017	0.490882
COG0018	0.953538
COG0019	0.812195
COG0020	0.918017
COG0021	0.692524
COG0022	0.526403
COG0023	0.160772
COG0024	0.933777
COG0025	0.405793
COG0026	0.479112
COG0027	0.184191
COG0028	0.774883
COG0029	0.520965
COG0030	0.938806
COG0031	0.84356
COG0033	0.233151
COG0034	0.818561
COG0035	0.575595
COG0036	0.910502
COG0037	0.92835
COG0038	0.454753
COG0039	0.713081
COG0040	0.719646
COG0041	0.782553
COG0042	0.877578
COG0043	0.346411
COG0044	0.803707
COG0045	0.633551
COG0046	0.809763
COG0047	0.428317
COG0048	0.864382
COG0049	0.853407
COG0050	0.848346
COG0051	0.860679
COG0052	0.9356
COG0053	0.74228
COG0054	0.64541
COG0055	0.785405
COG0056	0.783205
COG0057	0.928284
COG0058	0.584923
COG0059	0.685131
COG0060	0.960788
COG0061	0.846422
COG0062	0.695166
COG0063	0.166188
COG0064	0.801253
COG0065	0.717436
COG0066	0.692801
COG0067	0.644205
COG0068	0.243584
COG0069	0.318494
COG0070	0.059901
COG0071	0.727935
COG0072	0.952433
COG0073	0.582016
COG0074	0.61336
COG0075	0.466126
COG0076	0.332574
COG0077	0.764539
COG0078	0.782962
COG0079	0.787836
COG0080	0.880496
COG0081	0.868648
COG0082	0.806658
COG0083	0.333569
COG0084	0.944851
COG0085	0.896797
COG0086	0.893504
COG0087	0.867399
COG0088	0.865509
COG0089	0.859011
COG0090	0.866205
COG0091	0.855231
COG0092	0.862205
COG0093	0.864857
COG0094	0.869709
COG0095	0.329005
COG0096	0.872638
COG0097	0.875931
COG0098	0.887171
COG0099	0.901936
COG0100	0.892763
COG0101	0.867487
COG0102	0.925532
COG0103	0.890862
COG0104	0.827225
COG0105	0.721237
COG0106	0.719989
COG0107	0.724553
COG0108	0.647079
COG0109	0.52091
COG0110	0.690414
COG0111	0.811487
COG0112	0.88212
COG0113	0.601611
COG0114	0.497149
COG0115	0.833834
COG0116	0.470082
COG0117	0.634469
COG0118	0.708704
COG0119	0.796424
COG0120	0.356767
COG0121	0.24995
COG0122	0.586238
COG0123	0.492463
COG0124	0.955848
COG0125	0.880429
COG0126	0.931334
COG0127	0.880927
COG0128	0.80311
COG0129	0.706837
COG0130	0.905186
COG0131	0.705267
COG0132	0.340742
COG0133	0.694039
COG0134	0.648096
COG0135	0.541721
COG0136	0.832364
COG0137	0.755653
COG0138	0.804867
COG0139	0.672742
COG0140	0.368626
COG0141	0.722829
COG0142	0.8839
COG0143	0.591554
COG0144	0.775569
COG0145	0.352258
COG0146	0.204063
COG0147	0.680876
COG0148	0.872262
COG0149	0.915685
COG0150	0.795661
COG0151	0.823202
COG0152	0.798822
COG0153	0.402743
COG0154	0.861144
COG0155	0.42089
COG0156	0.578601
COG0157	0.587697
COG0158	0.211445
COG0159	0.665536
COG0160	0.438872
COG0161	0.525077
COG0162	0.933103
COG0163	0.328618
COG0164	0.908888
COG0165	0.76003
COG0166	0.834884
COG0167	0.859497
COG0168	0.596041
COG0169	0.815123
COG0170	0.109281
COG0171	0.855573
COG0172	0.939402
COG0173	0.884673
COG0174	0.781006
COG0175	0.511019
COG0176	0.632303
COG0177	0.898588
COG0178	0.934882
COG0179	0.591886
COG0180	0.947415
COG0181	0.597865
COG0182	0.408258
COG0183	0.721282
COG0184	0.9356
COG0185	0.856579
COG0186	0.85837
COG0187	0.949979
COG0188	0.949946
COG0189	0.642227
COG0190	0.885248
COG0191	0.684799
COG0192	0.877777
COG0193	0.91091
COG0194	0.846831
COG0195	0.94736
COG0196	0.830032
COG0197	0.860867
COG0198	0.86237
COG0199	0.792799
COG0200	0.890398
COG0201	0.879424
COG0202	0.923421
COG0203	0.886243
COG0204	0.899991
COG0205	0.69889
COG0206	0.913077
COG0207	0.5644
COG0208	0.44474
COG0209	0.739959
COG0210	0.949802
COG0211	0.895968
COG0212	0.69594
COG0213	0.490551
COG0214	0.267302
COG0215	0.952532
COG0216	0.919465
COG0217	0.904965
COG0218	0.639398
COG0219	0.617405
COG0220	0.704527
COG0221	0.538593
COG0222	0.845129
COG0223	0.92173
COG0224	0.774463
COG0225	0.670376
COG0226	0.71349
COG0227	0.844168
COG0228	0.896012
COG0229	0.510334
COG0230	0.596417
COG0231	0.943237
COG0232	0.649908
COG0233	0.913574
COG0234	0.865156
COG0235	0.641995
COG0236	0.867532
COG0237	0.873268
COG0238	0.88695
COG0239	0.527442
COG0240	0.802988
COG0241	0.381623
COG0242	0.91847
COG0243	0.529929
COG0244	0.873522
COG0245	0.755918
COG0246	0.288577
COG0247	0.589189
COG0248	0.630225
COG0249	0.722774
COG0250	0.898886
COG0251	0.784797
COG0252	0.455759
COG0253	0.725901
COG0254	0.883038
COG0255	0.780586
COG0256	0.875434
COG0257	0.577872
COG0258	0.838277
COG0259	0.403185
COG0260	0.590383
COG0261	0.893769
COG0262	0.648903
COG0263	0.697752
COG0264	0.900931
COG0265	0.93265
COG0266	0.648295
COG0267	0.769656
COG0268	0.869643
COG0269	0.088548
COG0270	0.422393
COG0271	0.304293
COG0272	0.910557
COG0274	0.523353
COG0275	0.921598
COG0276	0.519993
COG0277	0.64026
COG0278	0.314538
COG0279	0.400566
COG0280	0.638436
COG0281	0.500564
COG0282	0.601269
COG0283	0.753785
COG0284	0.824109
COG0285	0.816107
COG0286	0.560576
COG0287	0.697852
COG0288	0.537864
COG0289	0.77569
COG0290	0.891835
COG0291	0.826396
COG0292	0.893968
COG0293	0.347351
COG0294	0.701178
COG0295	0.532216
COG0296	0.567439
COG0297	0.668464
COG0298	0.239827
COG0299	0.768285
COG0300	0.707467
COG0301	0.414127
COG0302	0.594251
COG0303	0.606253
COG0304	0.787173
COG0305	0.927146
COG0306	0.486097
COG0307	0.628479
COG0308	0.577187
COG0309	0.321401
COG0310	0.199653
COG0311	0.254504
COG0312	0.494452
COG0313	0.850854
COG0314	0.510886
COG0315	0.57985
COG0316	0.5663
COG0317	0.870925
COG0318	0.763202
COG0319	0.877235
COG0320	0.591753
COG0321	0.485577
COG0322	0.930406
COG0323	0.760273
COG0324	0.903019
COG0325	0.795341
COG0326	0.534791
COG0327	0.54591
COG0328	0.823877
COG0329	0.838985
COG0330	0.868792
COG0331	0.751984
COG0332	0.73503
COG0333	0.806658
COG0334	0.698647
COG0335	0.904799
COG0336	0.913983
COG0337	0.790212
COG0338	0.254294
COG0339	0.352921
COG0340	0.823236
COG0341	0.817511
COG0342	0.64436
COG0343	0.861188
COG0344	0.679715
COG0345	0.767722
COG0346	0.774729
COG0347	0.62786
COG0348	0.466292
COG0349	0.458246
COG0350	0.779547
COG0351	0.569793
COG0352	0.598185
COG0353	0.892365
COG0354	0.42719
COG0355	0.760427
COG0356	0.779547
COG0357	0.788997
COG0358	0.946719
COG0359	0.890531
COG0360	0.876627
COG0361	0.906247
COG0362	0.273955
COG0363	0.587885
COG0364	0.459904
COG0365	0.664364
COG0366	0.64184
COG0367	0.590836
COG0368	0.360447
COG0369	0.355573
COG0370	0.544362
COG0371	0.221315
COG0372	0.727471
COG0373	0.502133
COG0374	0.142691
COG0375	0.245176
COG0376	0.300579
COG0377	0.509604
COG0378	0.389083
COG0379	0.566135
COG0380	0.254095
COG0381	0.481322
COG0382	0.607811
COG0383	0.200957
COG0384	0.386906
COG0385	0.334895
COG0386	0.430782
COG0387	0.151356
COG0388	0.697078
COG0389	0.845505
COG0390	0.155224
COG0391	0.374318
COG0392	0.568787
COG0393	0.31971
COG0394	0.736312
COG0395	0.567682
COG0396	0.649367
COG0397	0.309178
COG0398	0.463904
COG0399	0.731648
COG0400	0.455892
COG0401	0.077485
COG0402	0.635806
COG0403	0.575241
COG0404	0.596052
COG0405	0.473033
COG0406	0.779868
COG0407	0.607867
COG0408	0.291461
COG0409	0.233505
COG0410	0.531586
COG0411	0.504575
COG0412	0.484207
COG0413	0.58552
COG0414	0.574556
COG0415	0.412701
COG0416	0.703046
COG0417	0.151831
COG0418	0.215667
COG0419	0.570964
COG0420	0.532117
COG0421	0.513826
COG0422	0.45797
COG0423	0.510997
COG0424	0.787704
COG0425	0.453184
COG0426	0.353927
COG0427	0.272341
COG0428	0.533277
COG0429	0.18502
COG0430	0.072202
COG0431	0.467408
COG0432	0.431754
COG0433	0.628401
COG0434	0.086327
COG0435	0.188933
COG0436	0.901572
COG0437	0.399151
COG0438	0.961595
COG0439	0.676665
COG0440	0.665293
COG0441	0.954997
COG0442	0.833392
COG0443	0.952853
COG0444	0.616244
COG0445	0.697288
COG0446	0.718916
COG0447	0.203322
COG0448	0.529719
COG0449	0.870339
COG0450	0.509449
COG0451	0.892299
COG0452	0.791097
COG0454	0.94316
COG0455	0.441679
COG0456	0.040793
COG0457	0.907473
COG0458	0.816173
COG0459	0.919995
COG0460	0.75636
COG0461	0.826098
COG0462	0.892951
COG0463	0.887138
COG0464	0.494076
COG0465	0.933224
COG0466	0.742778
COG0467	0.192878
COG0468	0.949681
COG0469	0.818417
COG0470	0.715999
COG0471	0.401107
COG0472	0.950101
COG0473	0.774596
COG0474	0.643432
COG0475	0.661734
COG0476	0.681738
COG0477	0.880562
COG0478	0.022712
COG0479	0.649311
COG0480	0.939955
COG0481	0.908623
COG0482	0.896764
COG0483	0.705709
COG0484	0.965827
COG0486	0.707456
COG0488	0.873533
COG0489	0.846157
COG0490	0.125384
COG0491	0.901041
COG0492	0.927035
COG0493	0.789185
COG0494	0.899881
COG0495	0.958633
COG0496	0.491689
COG0497	0.795318
COG0498	0.810813
COG0499	0.622975
COG0500	0.950974
COG0501	0.68764
COG0502	0.498331
COG0503	0.722177
COG0504	0.876815
COG0505	0.756184
COG0506	0.423377
COG0507	0.690723
COG0508	0.691077
COG0509	0.614078
COG0510	0.295208
COG0511	0.650262
COG0512	0.636635
COG0513	0.800712
COG0514	0.578966
COG0515	0.790312
COG0516	0.84314
COG0517	0.769612
COG0518	0.636889
COG0519	0.363774
COG0520	0.79712
COG0521	0.561603
COG0522	0.915331
COG0523	0.464932
COG0524	0.875754
COG0525	0.954643
COG0526	0.86804
COG0527	0.816461
COG0528	0.890619
COG0529	0.423222
COG0530	0.47069
COG0531	0.666508
COG0532	0.94967
COG0533	0.932263
COG0534	0.757046
COG0535	0.663171
COG0536	0.898974
COG0537	0.948631
COG0538	0.491479
COG0539	0.885248
COG0540	0.814239
COG0541	0.876406
COG0542	0.931788
COG0543	0.647731
COG0544	0.900875
COG0545	0.446155
COG0546	0.853927
COG0547	0.635905
COG0548	0.73062
COG0549	0.233781
COG0550	0.959075
COG0551	0.202084
COG0552	0.868184
COG0553	0.61473
COG0554	0.632115
COG0555	0.247651
COG0556	0.917497
COG0557	0.680058
COG0558	0.909374
COG0559	0.53026
COG0560	0.663038
COG0561	0.617725
COG0562	0.218916
COG0563	0.912115
COG0564	0.943469
COG0565	0.363984
COG0566	0.904688
COG0567	0.367167
COG0568	0.944033
COG0569	0.672543
COG0571	0.89893
COG0572	0.462114
COG0573	0.627915
COG0574	0.820152
COG0575	0.491037
COG0576	0.924173
COG0577	0.870648
COG0578	0.436363
COG0579	0.454543
COG0580	0.448874
COG0581	0.666442
COG0582	0.73429
COG0583	0.7717
COG0584	0.688369
COG0585	0.172189
COG0586	0.589697
COG0587	0.936043
COG0588	0.369178
COG0589	0.665392
COG0590	0.808735
COG0591	0.615139
COG0592	0.924327
COG0593	0.909441
COG0594	0.738335
COG0595	0.671614
COG0596	0.745518
COG0597	0.869068
COG0598	0.616543
COG0599	0.490142
COG0600	0.622732
COG0601	0.719149
COG0602	0.585221
COG0603	0.458743
COG0604	0.61252
COG0605	0.588349
COG0606	0.792998
COG0607	0.729869
COG0608	0.77285
COG0609	0.585918
COG0610	0.360812
COG0611	0.513649
COG0612	0.785007
COG0613	0.643962
COG0614	0.668973
COG0615	0.514213
COG0616	0.536073
COG0617	0.887348
COG0618	0.541599
COG0619	0.49307
COG0620	0.420205
COG0621	0.921487
COG0622	0.459738
COG0623	0.48193
COG0624	0.828949
COG0625	0.358325
COG0626	0.621217
COG0627	0.404202
COG0628	0.874494
COG0629	0.916237
COG0630	0.095986
COG0631	0.635795
COG0632	0.884596
COG0633	0.436208
COG0634	0.654694
COG0635	0.839626
COG0636	0.849849
COG0637	0.702825
COG0638	0.146029
COG0639	0.659059
COG0640	0.844776
COG0641	0.346113
COG0642	0.916779
COG0643	0.424648
COG0644	0.618554
COG0645	0.281868
COG0646	0.686446
COG0647	0.450509
COG0648	0.44957
COG0649	0.5145
COG0650	0.141078
COG0651	0.410933
COG0652	0.850224
COG0653	0.929522
COG0654	0.475421
COG0655	0.586161
COG0656	0.457074
COG0657	0.655854
COG0658	0.847583
COG0659	0.526768
COG0661	0.541323
COG0662	0.701554
COG0663	0.54013
COG0664	0.753896
COG0665	0.671349
COG0666	0.37161
COG0667	0.685308
COG0668	0.814825
COG0669	0.823888
COG0670	0.416536
COG0671	0.782598
COG0672	0.224453
COG0673	0.76928
COG0674	0.639188
COG0675	0.179152
COG0676	0.111547
COG0677	0.471166
COG0678	0.222862
COG0679	0.548098
COG0680	0.358756
COG0681	0.951593
COG0682	0.880131
COG0683	0.660242
COG0684	0.350545
COG0685	0.665149
COG0686	0.451372
COG0687	0.486837
COG0688	0.517904
COG0689	0.607546
COG0690	0.705776
COG0691	0.888055
COG0692	0.480549
COG0693	0.616719
COG0694	0.42299
COG0695	0.659921
COG0696	0.5518
COG0697	0.91101
COG0698	0.642647
COG0699	0.340101
COG0700	0.222851
COG0701	0.347727
COG0702	0.561769
COG0703	0.699001
COG0704	0.682434
COG0705	0.659269
COG0706	0.884596
COG0707	0.910468
COG0708	0.737926
COG0709	0.34598
COG0710	0.099125
COG0711	0.778508
COG0712	0.70656
COG0713	0.496662
COG0714	0.786178
COG0715	0.671349
COG0716	0.394377
COG0717	0.5663
COG0718	0.784543
COG0719	0.662762
COG0720	0.474227
COG0721	0.761102
COG0722	0.354325
COG0723	0.499834
COG0724	0.246325
COG0725	0.510588
COG0726	0.834542
COG0727	0.401141
COG0728	0.693353
COG0729	0.265799
COG0730	0.781968
COG0731	0.143885
COG0732	0.417663
COG0733	0.330044
COG0735	0.813477
COG0736	0.625638
COG0737	0.52049
COG0738	0.418105
COG0739	0.831922
COG0740	0.895836
COG0741	0.692967
COG0742	0.864791
COG0743	0.746745
COG0744	0.750901
COG0745	0.95451
COG0746	0.527674
COG0747	0.70193
COG0748	0.235119
COG0749	0.249232
COG0750	0.938054
COG0751	0.444862
COG0752	0.417398
COG0753	0.273933
COG0754	0.124522
COG0755	0.58479
COG0756	0.713777
COG0757	0.624732
COG0758	0.835514
COG0759	0.640746
COG0760	0.792843
COG0761	0.634524
COG0762	0.554983
COG0763	0.434219
COG0764	0.669304
COG0765	0.599202
COG0766	0.89147
COG0767	0.459904
COG0768	0.928538
COG0769	0.897504
COG0770	0.875356
COG0771	0.881954
COG0772	0.925377
COG0773	0.890951
COG0774	0.370206
COG0775	0.55558
COG0776	0.865774
COG0777	0.623417
COG0778	0.848522
COG0779	0.72053
COG0780	0.431511
COG0781	0.885524
COG0782	0.905197
COG0783	0.331093
COG0784	0.551436
COG0785	0.3984
COG0786	0.142912
COG0787	0.803519
COG0788	0.327667
COG0789	0.801386
COG0790	0.349727
COG0791	0.644526
COG0792	0.746159
COG0793	0.814007
COG0794	0.106773
COG0795	0.46911
COG0796	0.649676
COG0797	0.351164
COG0798	0.297949
COG0799	0.804867
COG0800	0.462423
COG0801	0.646482
COG0802	0.87623
COG0803	0.617239
COG0804	0.214871
COG0805	0.636447
COG0806	0.76686
COG0807	0.248558
COG0809	0.758836
COG0810	0.4751
COG0811	0.496806
COG0812	0.860127
COG0813	0.24785
COG0814	0.11137
COG0815	0.55547
COG0816	0.858458
COG0817	0.778287
COG0818	0.347461
COG0819	0.164055
COG0820	0.827093
COG0821	0.771336
COG0822	0.831116
COG0823	0.668144
COG0824	0.676665
COG0825	0.538339
COG0826	0.553779
COG0827	0.302049
COG0828	0.64352
COG0829	0.208262
COG0830	0.208008
COG0831	0.211733
COG0832	0.183915
COG0833	0.127252
COG0834	0.705245
COG0835	0.401328
COG0836	0.314328
COG0837	0.225404
COG0838	0.499116
COG0839	0.499635
COG0840	0.474426
COG0841	0.644449
COG0842	0.781294
COG0843	0.522701
COG0845	0.791086
COG0846	0.6244
COG0847	0.614951
COG0848	0.477819
COG0849	0.694503
COG0850	0.256139
COG0851	0.217004
COG0852	0.504929
COG0853	0.342179
COG0854	0.393426
COG0855	0.573904
COG0856	0.003614
COG0857	0.094417
COG0858	0.873942
COG0859	0.408026
COG0860	0.753653
COG0861	0.459329
COG0863	0.396477
COG0864	0.281305
COG1001	0.219226
COG1002	0.226653
COG1003	0.269689
COG1004	0.655943
COG1005	0.524845
COG1006	0.305188
COG1007	0.512831
COG1008	0.509748
COG1009	0.62797
COG1010	0.227581
COG1011	0.750768
COG1012	0.822318
COG1013	0.488462
COG1014	0.461175
COG1015	0.294324
COG1017	0.177571
COG1018	0.463595
COG1019	0.000608
COG1020	0.416735
COG1021	0.062465
COG1022	0.470171
COG1023	0.232157
COG1024	0.621505
COG1025	0.055127
COG1026	0.157755
COG1027	0.204306
COG1028	0.947393
COG1029	0.038218
COG1030	0.317599
COG1031	0.012942
COG1032	0.635497
COG1033	0.361718
COG1034	0.429732
COG1035	0.152738
COG1036	0.077198
COG1038	0.201344
COG1039	0.116443
COG1040	0.83347
COG1041	0.092969
COG1042	0.208163
COG1043	0.440198
COG1044	0.476813
COG1045	0.684324
COG1047	0.324617
COG1048	0.702736
COG1049	0.148648
COG1051	0.879004
COG1052	0.697509
COG1053	0.733394
COG1054	0.282675
COG1055	0.537864
COG1056	0.059592
COG1057	0.815046
COG1058	0.579032
COG1059	0.030238
COG1060	0.238733
COG1061	0.525243
COG1062	0.357187
COG1063	0.685904
COG1064	0.391349
COG1066	0.731748
COG1067	0.18491
COG1069	0.136635
COG1070	0.532062
COG1071	0.484019
COG1072	0.167613
COG1073	0.842234
COG1074	0.747309
COG1075	0.442331
COG1076	0.278287
COG1077	0.770441
COG1078	0.195862
COG1079	0.408324
COG1080	0.515782
COG1082	0.61242
COG1083	0.215678
COG1084	0.0166
COG1085	0.280664
COG1086	0.618421
COG1087	0.736235
COG1088	0.630225
COG1089	0.3838
COG1090	0.314295
COG1091	0.597202
COG1092	0.563106
COG1093	0.035665
COG1094	0.034615
COG1095	0.034471
COG1096	0.024093
COG1097	0.034692
COG1098	0.143609
COG1099	0.08426
COG1100	0.214805
COG1101	0.1929
COG1102	0.273226
COG1103	0.004697
COG1104	0.869842
COG1105	0.35596
COG1106	0.209423
COG1107	0.012599
COG1108	0.635651
COG1109	0.95377
COG1110	0.011494
COG1111	0.106961
COG1112	0.200714
COG1113	0.187153
COG1114	0.133452
COG1115	0.398919
COG1116	0.619383
COG1117	0.685396
COG1118	0.180798
COG1119	0.224763
COG1120	0.569494
COG1121	0.60013
COG1122	0.51019
COG1123	0.464645
COG1124	0.077828
COG1125	0.233185
COG1126	0.603291
COG1127	0.450078
COG1129	0.492452
COG1131	0.936949
COG1132	0.940342
COG1133	0.04801
COG1134	0.509239
COG1135	0.377202
COG1136	0.950465
COG1137	0.467552
COG1138	0.354623
COG1139	0.303828
COG1140	0.145885
COG1141	0.286245
COG1142	0.225117
COG1143	0.674631
COG1144	0.115117
COG1145	0.43244
COG1146	0.620809
COG1148	0.20855
COG1149	0.146725
COG1150	0.093068
COG1151	0.002896
COG1152	0.031233
COG1153	0.014224
COG1154	0.742534
COG1155	0.199797
COG1156	0.198183
COG1157	0.393935
COG1158	0.757963
COG1159	0.782697
COG1160	0.867576
COG1161	0.335293
COG1162	0.662143
COG1163	0.065096
COG1164	0.484958
COG1165	0.178632
COG1166	0.16033
COG1167	0.59887
COG1168	0.35354
COG1169	0.190436
COG1171	0.656086
COG1172	0.383181
COG1173	0.708362
COG1174	0.265976
COG1175	0.566709
COG1176	0.480958
COG1177	0.473763
COG1178	0.456743
COG1179	0.406081
COG1180	0.507372
COG1181	0.877898
COG1182	0.248082
COG1183	0.519374
COG1184	0.045943
COG1185	0.90817
COG1186	0.912303
COG1187	0.869123
COG1188	0.5519
COG1189	0.575164
COG1190	0.765246
COG1191	0.553668
COG1192	0.885491
COG1193	0.412458
COG1194	0.650781
COG1195	0.71916
COG1196	0.92866
COG1197	0.860713
COG1198	0.897228
COG1199	0.581552
COG1200	0.87235
COG1201	0.406103
COG1202	0.007438
COG1203	0.215269
COG1204	0.104153
COG1205	0.117438
COG1206	0.349174
COG1207	0.807498
COG1208	0.665657
COG1209	0.648847
COG1210	0.601976
COG1211	0.557415
COG1212	0.439458
COG1213	0.144371
COG1214	0.821346
COG1215	0.889569
COG1216	0.848953
COG1217	0.841748
COG1218	0.321114
COG1219	0.816958
COG1220	0.441082
COG1221	0.030072
COG1222	0.171504
COG1223	0.008399
COG1224	0.006786
COG1225	0.684854
COG1226	0.493955
COG1227	0.207997
COG1228	0.536648
COG1229	0.039511
COG1230	0.437932
COG1231	0.255001
COG1232	0.44957
COG1233	0.445547
COG1234	0.551491
COG1235	0.67609
COG1236	0.478869
COG1237	0.153522
COG1238	0.339725
COG1239	0.212838
COG1240	0.07407
COG1241	0.046363
COG1242	0.219989
COG1243	0.152528
COG1244	0.040328
COG1245	0.05558
COG1246	0.332574
COG1247	0.580977
COG1249	0.732455
COG1250	0.498254
COG1251	0.400279
COG1252	0.391857
COG1253	0.827922
COG1254	0.44999
COG1255	0.004874
COG1256	0.379037
COG1257	0.144935
COG1258	0.025397
COG1259	0.262859
COG1260	0.226874
COG1261	0.306602
COG1262	0.489291
COG1263	0.217469
COG1264	0.039886
COG1266	0.680003
COG1267	0.365973
COG1268	0.404401
COG1269	0.31929
COG1270	0.350302
COG1271	0.383944
COG1272	0.462258
COG1273	0.274375
COG1274	0.310305
COG1275	0.161822
COG1276	0.199034
COG1277	0.58762
COG1278	0.798711
COG1279	0.216043
COG1280	0.461152
COG1281	0.492662
COG1282	0.402677
COG1283	0.4005
COG1284	0.343693
COG1285	0.456566
COG1286	0.439988
COG1287	0.265025
COG1288	0.141509
COG1289	0.182279
COG1290	0.499248
COG1291	0.388099
COG1292	0.226774
COG1293	0.354291
COG1294	0.357231
COG1295	0.627197
COG1296	0.451239
COG1297	0.188789
COG1298	0.388077
COG1299	0.188402
COG1300	0.231228
COG1301	0.46407
COG1302	0.325015
COG1303	0.022026
COG1304	0.500066
COG1305	0.676466
COG1306	0.130247
COG1307	0.358348
COG1308	0.09214
COG1309	0.84261
COG1310	0.238445
COG1311	0.032703
COG1312	0.184766
COG1313	0.232665
COG1314	0.794291
COG1315	0.138735
COG1316	0.435192
COG1317	0.352402
COG1318	0.017849
COG1319	0.383502
COG1320	0.289196
COG1321	0.526138
COG1322	0.611116
COG1323	0.229571
COG1324	0.277945
COG1325	0.020921
COG1326	0.008189
COG1327	0.80763
COG1328	0.336255
COG1329	0.436894
COG1330	0.165558
COG1331	0.396234
COG1332	0.02648
COG1333	0.220442
COG1334	0.156064
COG1335	0.678367
COG1336	0.032448
COG1337	0.055635
COG1338	0.383601
COG1339	0.027475
COG1340	0.042185
COG1341	0.009538
COG1342	0.134999
COG1343	0.159059
COG1344	0.391039
COG1345	0.327689
COG1346	0.209003
COG1347	0.096914
COG1348	0.110818
COG1349	0.455295
COG1350	0.214684
COG1351	0.37214
COG1352	0.415398
COG1353	0.075418
COG1354	0.811675
COG1355	0.204792
COG1356	0.004045
COG1357	0.300469
COG1358	0.270374
COG1359	0.408302
COG1360	0.454566
COG1361	0.412181
COG1362	0.312858
COG1363	0.321169
COG1364	0.635408
COG1365	0.035654
COG1366	0.599777
COG1367	0.028359
COG1368	0.36699
COG1369	0.019606
COG1370	0.012599
COG1371	0.109624
COG1372	0.120742
COG1373	0.38968
COG1374	0.008786
COG1376	0.570777
COG1377	0.393979
COG1378	0.130744
COG1379	0.097445
COG1380	0.206483
COG1381	0.877302
COG1382	0.032426
COG1383	0.026967
COG1384	0.197409
COG1385	0.787029
COG1386	0.807895
COG1387	0.521828
COG1388	0.626655
COG1389	0.063383
COG1390	0.169072
COG1391	0.389437
COG1392	0.351318
COG1393	0.529321
COG1394	0.196569
COG1395	0.089554
COG1396	0.825247
COG1397	0.371278
COG1398	0.249409
COG1399	0.710716
COG1400	0.019783
COG1401	0.167636
COG1402	0.298347
COG1403	0.676201
COG1404	0.686523
COG1405	0.038218
COG1406	0.131275
COG1407	0.167381
COG1408	0.49569
COG1409	0.668199
COG1410	0.307719
COG1411	0.02721
COG1412	0.032669
COG1413	0.388707
COG1414	0.441668
COG1415	0.051646
COG1416	0.124677
COG1417	0.002
COG1418	0.646283
COG1419	0.268949
COG1420	0.69374
COG1421	0.023629
COG1422	0.038096
COG1423	0.033487
COG1424	0.011914
COG1426	0.533067
COG1427	0.118554
COG1428	0.158871
COG1429	0.206748
COG1430	0.41364
COG1431	0.031277
COG1432	0.506885
COG1433	0.248922
COG1434	0.5332
COG1435	0.382043
COG1436	0.154086
COG1437	0.142747
COG1438	0.370803
COG1439	0.028868
COG1440	0.074357
COG1441	0.022225
COG1442	0.228476
COG1443	0.264859
COG1444	0.061747
COG1445	0.02616
COG1446	0.183285
COG1447	0.066732
COG1448	0.199001
COG1449	0.188712
COG1450	0.324816
COG1451	0.667967
COG1452	0.471674
COG1453	0.243805
COG1454	0.552508
COG1455	0.080966
COG1456	0.055912
COG1457	0.213015
COG1458	0.013251
COG1459	0.617504
COG1460	0.025618
COG1461	0.414558
COG1462	0.153025
COG1463	0.474603
COG1464	0.295573
COG1465	0.025861
COG1466	0.868162
COG1467	0.033952
COG1468	0.196426
COG1469	0.1825
COG1470	0.375776
COG1471	0.034847
COG1472	0.714661
COG1473	0.572898
COG1474	0.136104
COG1475	0.896598
COG1476	0.613371
COG1477	0.55747
COG1478	0.231217
COG1479	0.301231
COG1480	0.220607
COG1481	0.358779
COG1482	0.363332
COG1483	0.072965
COG1484	0.497779
COG1485	0.310758
COG1486	0.205942
COG1487	0.358602
COG1488	0.582702
COG1489	0.23734
COG1490	0.622035
COG1491	0.034637
COG1492	0.323191
COG1493	0.4709
COG1494	0.308327
COG1495	0.336951
COG1496	0.674543
COG1497	0.007736
COG1498	0.030956
COG1499	0.041168
COG1500	0.034515
COG1501	0.308172
COG1502	0.673637
COG1503	0.163557
COG1504	0.029542
COG1505	0.209544
COG1506	0.434296
COG1507	0.114929
COG1508	0.48277
COG1509	0.328176
COG1510	0.162242
COG1511	0.395825
COG1512	0.382761
COG1513	0.084779
COG1514	0.518501
COG1515	0.126401
COG1516	0.299673
COG1517	0.01755
COG1518	0.252802
COG1519	0.413773
COG1520	0.598241
COG1521	0.665491
COG1522	0.66001
COG1523	0.407308
COG1524	0.464402
COG1525	0.428372
COG1526	0.387038
COG1527	0.156142
COG1528	0.192116
COG1529	0.45472
COG1530	0.678069
COG1531	0.011483
COG1532	0.018092
COG1533	0.494264
COG1534	0.402964
COG1535	0.04182
COG1536	0.388398
COG1537	0.047777
COG1538	0.520059
COG1539	0.510113
COG1540	0.28746
COG1541	0.477509
COG1542	0.004984
COG1543	0.098097
COG1544	0.792047
COG1545	0.211158
COG1546	0.456986
COG1547	0.124975
COG1548	0.036449
COG1549	0.010146
COG1550	0.200614
COG1551	0.274784
COG1552	0.019938
COG1553	0.158672
COG1554	0.226476
COG1555	0.592328
COG1556	0.195973
COG1558	0.376661
COG1559	0.779481
COG1560	0.489258
COG1561	0.549922
COG1562	0.402478
COG1563	0.074402
COG1564	0.31372
COG1565	0.32675
COG1566	0.363862
COG1567	0.029177
COG1568	0.024767
COG1569	0.233969
COG1570	0.836111
COG1571	0.042926
COG1572	0.248425
COG1573	0.740512
COG1574	0.444862
COG1575	0.288024
COG1576	0.664066
COG1577	0.119427
COG1578	0.09466
COG1579	0.312924
COG1580	0.302458
COG1581	0.031432
COG1582	0.119162
COG1583	0.041246
COG1584	0.08972
COG1585	0.48445
COG1586	0.246767
COG1587	0.409264
COG1588	0.02669
COG1589	0.769501
COG1590	0.011229
COG1591	0.031255
COG1592	0.43801
COG1593	0.345704
COG1594	0.102385
COG1595	0.863177
COG1596	0.34944
COG1597	0.631231
COG1598	0.329579
COG1599	0.035057
COG1600	0.51324
COG1601	0.034338
COG1602	0.032592
COG1603	0.01618
COG1604	0.02669
COG1605	0.315654
COG1606	0.242711
COG1607	0.424361
COG1608	0.041798
COG1609	0.62965
COG1610	0.595268
COG1611	0.697111
COG1612	0.455649
COG1613	0.205897
COG1614	0.05631
COG1615	0.192701
COG1617	0.01429
COG1618	0.098859
COG1619	0.326164
COG1620	0.202736
COG1621	0.303298
COG1622	0.526469
COG1623	0.124411
COG1624	0.408755
COG1625	0.176764
COG1626	0.119604
COG1627	0.004321
COG1628	0.029033
COG1629	0.365686
COG1630	0.047612
COG1631	0.03173
COG1632	0.033974
COG1633	0.420923
COG1634	0.014909
COG1635	0.041202
COG1636	0.281316
COG1637	0.199189
COG1638	0.339515
COG1639	0.191618
COG1640	0.441303
COG1641	0.250547
COG1643	0.420216
COG1644	0.033288
COG1645	0.066621
COG1646	0.062432
COG1647	0.213368
COG1648	0.178378
COG1649	0.216618
COG1650	0.027696
COG1651	0.587951
COG1652	0.429643
COG1653	0.614111
COG1654	4.4e-05
COG1655	0.062642
COG1656	0.124776
COG1657	0.301342
COG1658	0.153467
COG1659	0.052651
COG1660	0.570754
COG1661	0.142515
COG1662	0.045003
COG1663	0.402865
COG1664	0.399693
COG1665	0.017506
COG1666	0.363177
COG1667	0.001459
COG1668	0.37403
COG1669	0.31183
COG1670	0.760416
COG1671	0.305906
COG1672	0.361177
COG1673	0.051789
COG1674	0.90702
COG1675	0.048684
COG1676	0.035399
COG1677	0.372096
COG1678	0.391205
COG1679	0.098351
COG1680	0.634988
COG1681	0.007736
COG1682	0.516843
COG1683	0.220022
COG1684	0.379976
COG1685	0.012942
COG1686	0.725393
COG1687	0.101622
COG1688	0.033764
COG1689	0.006068
COG1690	0.326087
COG1691	0.245574
COG1692	0.384938
COG1693	0.012721
COG1694	0.757167
COG1695	0.540494
COG1696	0.359806
COG1697	0.080347
COG1698	0.028669
COG1699	0.169769
COG1700	0.030735
COG1701	0.018689
COG1702	0.731925
COG1703	0.337548
COG1704	0.570964
COG1705	0.181185
COG1706	0.274021
COG1707	0.01061
COG1708	0.403163
COG1709	0.01986
COG1710	0.004918
COG1711	0.05358
COG1712	0.14278
COG1713	0.204836
COG1714	0.477321
COG1715	0.16968
COG1716	0.531432
COG1717	0.033465
COG1718	0.173825
COG1719	0.140857
COG1720	0.278
COG1721	0.627793
COG1722	0.762306
COG1723	0.067881
COG1724	0.184147
COG1725	0.399162
COG1726	0.084359
COG1727	0.034416
COG1728	0.073849
COG1729	0.423079
COG1730	0.036582
COG1731	0.011118
COG1732	0.182069
COG1733	0.477576
COG1734	0.597821
COG1735	0.117095
COG1736	0.030967
COG1737	0.414303
COG1738	0.336177
COG1739	0.474083
COG1740	0.126522
COG1741	0.450167
COG1742	0.152152
COG1743	0.090405
COG1744	0.450841
COG1745	0.00294
COG1746	0.08741
COG1747	0.021341
COG1748	0.374539
COG1749	0.352899
COG1750	0.025917
COG1751	0.028713
COG1752	0.564145
COG1753	0.003901
COG1754	0.000729
COG1755	0.069262
COG1756	0.015672
COG1757	0.252415
COG1758	0.760118
COG1759	0.020126
COG1760	0.41521
COG1761	0.025486
COG1762	0.458622
COG1763	0.25478
COG1764	0.340499
COG1765	0.43349
COG1766	0.385126
COG1767	0.11536
COG1768	0.13721
COG1769	0.025464
COG1770	0.226962
COG1771	0.004741
COG1772	0.001702
COG1773	0.361575
COG1774	0.37151
COG1775	0.125771
COG1776	0.185208
COG1777	0.014622
COG1778	0.274309
COG1779	0.016534
COG1780	0.085741
COG1781	0.139741
COG1782	0.035654
COG1783	0.170896
COG1784	0.030791
COG1785	0.197907
COG1786	0.081574
COG1787	0.097997
COG1788	0.379899
COG1790	0.000928
COG1791	0.081707
COG1792	0.721171
COG1793	0.405141
COG1794	0.319467
COG1795	0.040417
COG1796	0.028492
COG1797	0.286112
COG1798	0.030271
COG1799	0.345881
COG1800	0.013539
COG1801	0.315046
COG1802	0.499834
COG1803	0.249608
COG1804	0.43486
COG1805	0.066555
COG1806	0.319467
COG1807	0.601147
COG1808	0.128059
COG1809	0.039621
COG1810	0.010002
COG1811	0.173692
COG1812	0.032614
COG1813	0.23723
COG1814	0.325877
COG1815	0.374085
COG1816	0.38884
COG1817	0.039942
COG1818	0.020579
COG1819	0.247596
COG1820	0.438607
COG1821	0.033719
COG1822	0.00525
COG1823	0.061537
COG1824	0.016711
COG1825	0.701112
COG1826	0.63165
COG1827	0.099003
COG1828	0.341659
COG1829	0.021441
COG1830	0.271822
COG1831	0.017517
COG1832	0.350899
COG1833	0.042804
COG1834	0.219381
COG1835	0.570611
COG1836	0.052939
COG1837	0.53814
COG1838	0.489865
COG1839	0.056586
COG1840	0.483455
COG1841	0.692602
COG1842	0.324672
COG1843	0.36604
COG1844	0.004089
COG1845	0.508123
COG1846	0.820793
COG1847	0.496397
COG1848	0.284079
COG1849	0.016423
COG1850	0.145786
COG1851	0.002487
COG1852	0.039765
COG1853	0.696569
COG1854	0.190248
COG1855	0.023618
COG1856	0.024502
COG1857	0.084359
COG1858	0.27359
COG1859	0.085785
COG1860	0.008488
COG1861	0.096914
COG1862	0.747895
COG1863	0.290179
COG1864	0.111215
COG1865	0.047656
COG1866	0.374262
COG1867	0.03047
COG1868	0.377777
COG1869	0.095599
COG1871	0.227813
COG1872	0.338764
COG1873	0.267777
COG1874	0.341427
COG1875	0.31719
COG1876	0.337437
COG1877	0.203587
COG1878	0.419465
COG1879	0.451095
COG1880	0.006609
COG1881	0.336774
COG1882	0.276707
COG1883	0.246292
COG1884	0.357817
COG1885	0.001636
COG1886	0.285206
COG1887	0.218541
COG1888	0.019087
COG1889	0.006388
COG1890	0.032172
COG1891	0.03457
COG1892	0.015528
COG1893	0.463153
COG1894	0.670001
COG1895	0.063106
COG1896	0.387016
COG1897	0.282421
COG1898	0.550761
COG1899	0.170564
COG1900	0.028768
COG1901	0.018103
COG1902	0.496917
COG1903	0.167359
COG1904	0.238733
COG1905	0.635961
COG1906	0.044915
COG1907	0.045092
COG1908	0.07491
COG1909	0.023751
COG1910	0.089797
COG1911	0.030857
COG1912	0.175405
COG1913	0.0644
COG1914	0.383247
COG1915	0.071871
COG1916	0.139033
COG1917	0.721702
COG1918	0.437866
COG1920	0.139464
COG1921	0.269092
COG1922	0.329093
COG1923	0.370239
COG1924	0.286411
COG1925	0.656528
COG1926	0.168575
COG1927	0.00809
COG1928	0.079684
COG1929	0.315798
COG1930	0.044429
COG1931	0.01692
COG1932	0.627716
COG1933	0.095478
COG1934	0.340631
COG1935	0.001713
COG1936	0.046131
COG1937	0.472083
COG1938	0.122411
COG1939	0.22578
COG1940	0.718287
COG1941	0.128412
COG1942	0.350036
COG1943	0.470315
COG1944	0.121947
COG1945	0.069251
COG1946	0.2469
COG1947	0.771778
COG1948	0.148715
COG1949	0.288632
COG1950	0.307907
COG1951	0.22725
COG1952	0.298402
COG1953	0.131584
COG1954	0.069815
COG1955	0.007438
COG1956	0.254482
COG1957	0.371599
COG1958	0.03509
COG1959	0.747342
COG1960	0.650196
COG1961	0.623914
COG1962	0.012334
COG1963	0.148648
COG1964	0.091399
COG1965	0.111249
COG1966	0.335857
COG1967	0.007316
COG1968	0.844146
COG1969	0.058553
COG1970	0.585984
COG1971	0.311355
COG1972	0.194359
COG1973	0.005062
COG1974	0.813676
COG1975	0.444906
COG1976	0.026945
COG1977	0.508079
COG1978	0.068732
COG1979	0.214783
COG1980	0.041798
COG1981	0.277403
COG1982	0.327678
COG1983	0.309509
COG1984	0.281084
COG1985	0.204671
COG1986	0.086846
COG1987	0.382187
COG1988	0.251829
COG1989	0.713037
COG1990	0.072876
COG1991	0.003934
COG1992	0.007946
COG1993	0.113603
COG1994	0.662905
COG1995	0.45346
COG1996	0.125649
COG1997	0.040737
COG1998	0.032161
COG1999	0.427698
COG2000	0.059957
COG2001	0.776375
COG2002	0.418039
COG2003	0.641829
COG2004	0.028514
COG2005	0.206118
COG2006	0.14972
COG2007	0.034029
COG2008	0.512953
COG2009	0.422482
COG2010	0.546639
COG2011	0.294578
COG2012	0.033023
COG2013	0.279072
COG2014	0.06283
COG2015	0.120621
COG2016	0.022855
COG2017	0.530735
COG2018	0.134049
COG2019	0.038748
COG2020	0.434352
COG2021	0.478869
COG2022	0.445536
COG2023	0.027862
COG2025	0.603601
COG2026	0.298413
COG2027	0.332795
COG2028	0.000752
COG2029	0.01271
COG2030	0.45283
COG2031	0.08363
COG2032	0.218209
COG2033	0.204527
COG2034	0.003238
COG2035	0.200106
COG2036	0.038184
COG2037	0.040605
COG2038	0.35354
COG2039	0.164607
COG2040	0.188999
COG2041	0.466955
COG2042	0.106154
COG2043	0.064676
COG2044	0.12524
COG2045	0.12534
COG2046	0.121206
COG2047	0.123207
COG2048	0.112906
COG2049	0.24102
COG2050	0.605888
COG2051	0.02921
COG2052	0.159214
COG2053	0.034228
COG2054	0.035631
COG2055	0.284112
COG2056	0.06031
COG2057	0.371853
COG2058	0.03614
COG2059	0.436142
COG2060	0.216308
COG2061	0.010654
COG2062	0.45283
COG2063	0.271612
COG2064	0.429655
COG2065	0.417928
COG2066	0.170421
COG2067	0.316903
COG2068	0.3984
COG2069	0.042616
COG2070	0.553723
COG2071	0.450045
COG2072	0.336067
COG2073	0.140426
COG2074	0.044694
COG2075	0.030238
COG2076	0.421443
COG2077	0.215557
COG2078	0.191055
COG2079	0.288632
COG2080	0.415298
COG2081	0.582403
COG2082	0.239948
COG2083	0.008079
COG2084	0.553547
COG2085	0.215557
COG2086	0.596052
COG2087	0.31708
COG2088	0.217214
COG2089	0.254471
COG2090	0.021452
COG2091	0.378053
COG2092	0.030503
COG2093	0.033907
COG2094	0.303696
COG2095	0.336907
COG2096	0.475863
COG2097	0.027541
COG2098	0.005471
COG2099	0.200018
COG2100	0.017528
COG2101	0.034847
COG2102	0.096804
COG2103	0.236169
COG2104	0.430472
COG2105	0.254327
COG2106	0.017142
COG2107	0.115835
COG2108	0.026458
COG2109	0.380617
COG2110	0.441502
COG2111	0.171294
COG2112	0.021032
COG2113	0.209268
COG2114	0.440706
COG2115	0.22988
COG2116	0.280221
COG2117	0.009262
COG2118	0.025497
COG2119	0.21149
COG2120	0.448343
COG2121	0.176588
COG2122	0.061051
COG2123	0.043335
COG2124	0.334873
COG2125	0.034239
COG2126	0.093389
COG2127	0.461528
COG2128	0.445536
COG2129	0.219016
COG2130	0.243551
COG2131	0.417321
COG2132	0.40292
COG2133	0.5104
COG2134	0.022701
COG2135	0.427124
COG2136	0.013097
COG2137	0.672311
COG2138	0.264406
COG2139	0.034128
COG2140	0.093168
COG2141	0.443845
COG2142	0.348489
COG2143	0.071694
COG2144	0.042196
COG2145	0.185175
COG2146	0.441491
COG2147	0.034106
COG2148	0.673482
COG2149	0.120698
COG2150	0.009681
COG2151	0.481919
COG2152	0.187971
COG2153	0.322119
COG2154	0.454135
COG2155	0.192757
COG2156	0.213225
COG2157	0.015086
COG2158	0.037333
COG2159	0.522889
COG2160	0.133684
COG2161	0.390973
COG2162	0.129053
COG2163	0.130689
COG2164	0.086835
COG2165	0.441381
COG2166	0.25299
COG2167	0.017672
COG2168	0.07649
COG2169	0.231029
COG2170	0.219712
COG2171	0.50221
COG2172	0.498607
COG2173	0.189452
COG2174	0.019949
COG2175	0.2406
COG2176	0.35858
COG2177	0.656252
COG2178	0.052541
COG2179	0.209975
COG2180	0.141498
COG2181	0.170664
COG2182	0.290533
COG2183	0.498066
COG2184	0.165182
COG2185	0.244148
COG2186	0.421355
COG2187	0.014025
COG2188	0.455582
COG2189	0.445348
COG2190	0.13165
COG2191	0.075175
COG2192	0.198868
COG2193	0.304834
COG2194	0.157766
COG2195	0.341228
COG2197	0.731372
COG2198	0.249696
COG2199	0.720232
COG2200	0.31887
COG2201	0.447338
COG2202	0.349252
COG2203	0.505736
COG2204	0.590018
COG2205	6.6e-05
COG2206	0.431135
COG2207	0.657236
COG2208	0.462578
COG2209	0.096572
COG2210	0.113813
COG2211	0.582127
COG2212	0.287405
COG2213	0.077938
COG2214	0.304646
COG2215	0.152605
COG2216	0.215192
COG2217	0.859939
COG2218	0.093864
COG2219	0.024845
COG2220	0.646383
COG2221	0.175703
COG2222	0.260339
COG2223	0.469452
COG2224	0.266174
COG2225	0.348279
COG2226	0.010908
COG2227	0.704693
COG2229	0.093654
COG2230	0.490827
COG2231	0.092759
COG2232	0.09655
COG2233	0.418437
COG2234	0.371742
COG2235	0.157788
COG2236	0.298225
COG2237	0.018424
COG2238	0.034184
COG2239	0.658252
COG2240	0.257897
COG2241	0.218198
COG2242	0.236434
COG2243	0.211677
COG2244	0.790378
COG2245	0.006543
COG2246	0.488418
COG2247	0.154694
COG2248	0.044119
COG2249	0.250337
COG2250	0.103579
COG2251	0.08174
COG2252	0.419222
COG2253	0.28714
COG2254	0.003238
COG2255	0.891592
COG2256	0.847273
COG2257	0.195741
COG2258	0.356424
COG2259	0.480637
COG2260	0.02858
COG2261	0.338178
COG2262	0.785515
COG2263	0.109392
COG2264	0.616918
COG2265	0.799651
COG2266	0.033929
COG2267	0.801883
COG2268	0.274563
COG2269	0.189518
COG2270	0.380949
COG2271	0.585785
COG2272	0.228907
COG2273	0.267832
COG2274	0.334066
COG2301	0.415176
COG2302	0.184247
COG2303	0.445547
COG2304	0.70424
COG2306	0.094096
COG2307	0.264285
COG2308	0.321025
COG2309	0.385303
COG2310	0.104385
COG2311	0.170951
COG2312	0.125749
COG2313	0.193718
COG2314	0.269081
COG2315	0.314604
COG2316	0.208616
COG2317	0.243153
COG2318	0.294655
COG2319	0.209942
COG2320	0.152638
COG2321	0.247895
COG2322	0.091609
COG2323	0.271258
COG2324	0.065239
COG2326	0.451537
COG2327	0.281349
COG2329	0.351948
COG2331	0.400223
COG2332	0.343759
COG2333	0.293318
COG2334	0.571009
COG2335	0.23429
COG2336	0.17892
COG2337	0.455063
COG2339	0.21265
COG2340	0.408435
COG2342	0.024303
COG2343	0.190922
COG2344	0.348434
COG2345	0.258283
COG2346	0.34472
COG2348	0.25856
COG2350	0.334608
COG2351	0.215977
COG2352	0.337725
COG2353	0.408822
COG2354	0.161524
COG2355	0.448719
COG2356	0.186181
COG2357	0.262395
COG2358	0.289748
COG2359	0.12208
COG2360	0.358458
COG2361	0.181627
COG2362	0.112144
COG2363	0.230609
COG2364	0.233881
COG2365	0.295705
COG2366	0.287328
COG2367	0.311089
COG2368	0.125395
COG2369	0.141686
COG2370	0.204262
COG2371	0.158695
COG2372	0.196028
COG2373	0.380584
COG2374	0.26938
COG2375	0.159601
COG2376	0.188811
COG2377	0.345892
COG2378	0.590383
COG2379	0.26466
COG2380	0.024944
COG2382	0.206583
COG2383	0.015605
COG2384	0.236787
COG2385	0.305663
COG2386	0.329502
COG2388	0.246734
COG2389	0.009704
COG2390	0.200537
COG2391	0.31067
COG2401	0.021772
COG2402	0.109845
COG2403	0.075396
COG2404	0.101501
COG2405	0.078889
COG2406	0.038527
COG2407	0.227084
COG2409	0.163314
COG2410	0.030956
COG2411	0.05211
COG2412	0.026989
COG2413	0.044838
COG2414	0.123019
COG2419	0.003415
COG2421	0.193475
COG2423	0.318417
COG2425	0.116565
COG2426	0.175317
COG2427	0.044064
COG2428	0.005681
COG2429	0.009527
COG2430	0.019042
COG2431	0.048783
COG2433	0.206395
COG2440	0.052972
COG2441	0.008035
COG2442	0.15938
COG2443	0.01944
COG2445	0.108917
COG2450	0.017727
COG2451	0.016235
COG2452	0.114785
COG2453	0.152362
COG2454	0.024347
COG2456	0.104706
COG2457	0.037919
COG2461	0.103247
COG2469	0.000763
COG2501	0.276276
COG2502	0.155401
COG2503	0.087222
COG2508	0.220232
COG2509	0.369963
COG2510	0.193652
COG2511	0.044351
COG2512	0.031664
COG2513	0.351296
COG2514	0.150848
COG2515	0.23314
COG2516	0.050098
COG2517	0.005935
COG2518	0.503437
COG2519	0.259665
COG2520	0.143156
COG2521	0.033322
COG2522	0.057194
COG2524	0.017407
COG2602	0.069539
COG2603	0.148582
COG2604	0.096505
COG2605	0.122267
COG2606	0.563515
COG2607	0.289704
COG2608	0.552463
COG2609	0.356878
COG2610	0.248779
COG2703	0.142846
COG2704	0.043545
COG2706	0.294688
COG2707	0.040925
COG2710	0.11515
COG2715	0.147996
COG2716	0.13711
COG2717	0.212462
COG2718	0.189596
COG2719	0.165403
COG2720	0.267843
COG2721	0.264583
COG2723	0.363332
COG2730	0.327015
COG2731	0.120223
COG2732	0.15224
COG2733	0.174985
COG2738	0.269943
COG2739	0.242767
COG2740	0.408899
COG2746	0.107104
COG2747	0.190215
COG2755	0.787947
COG2759	0.489025
COG2761	0.348003
COG2764	0.300314
COG2766	0.167149
COG2768	0.279116
COG2770	0.164298
COG2771	0.187231
COG2801	0.634148
COG2802	0.340908
COG2804	0.601711
COG2805	0.487544
COG2807	0.294987
COG2808	0.201068
COG2810	0.023563
COG2811	0.009914
COG2812	0.923167
COG2813	0.359641
COG2814	0.000387
COG2815	0.112155
COG2816	0.407064
COG2818	0.458003
COG2819	0.197973
COG2820	0.229106
COG2821	0.215347
COG2822	0.079972
COG2823	0.284753
COG2824	0.231516
COG2825	0.362514
COG2826	0.215966
COG2827	0.398101
COG2828	0.157866
COG2829	0.08741
COG2830	0.009516
COG2831	0.19048
COG2832	0.206472
COG2833	0.157103
COG2834	0.559924
COG2835	0.431821
COG2836	0.205356
COG2837	0.184633
COG2838	0.198868
COG2839	0.135662
COG2840	0.3112
COG2841	0.106739
COG2842	0.118919
COG2843	0.381048
COG2844	0.424427
COG2845	0.057448
COG2846	0.211799
COG2847	0.30647
COG2848	0.221624
COG2849	0.065449
COG2850	0.215137
COG2851	0.074413
COG2852	0.226774
COG2853	0.26045
COG2854	0.271623
COG2855	0.316615
COG2856	0.353175
COG2857	0.255951
COG2859	0.075496
COG2860	0.349738
COG2861	0.190458
COG2862	0.171703
COG2863	0.236279
COG2864	0.189485
COG2865	0.351495
COG2866	0.396399
COG2867	0.38611
COG2868	0.204781
COG2869	0.092604
COG2870	0.155865
COG2871	0.175991
COG2872	0.151997
COG2873	0.552441
COG2874	0.007515
COG2875	0.229173
COG2876	0.314969
COG2877	0.421929
COG2878	0.221613
COG2879	0.092891
COG2880	0.004852
COG2881	0.033708
COG2882	0.189463
COG2884	0.655854
COG2885	0.520678
COG2886	0.047656
COG2887	0.411883
COG2888	0.07029
COG2890	0.9398
COG2891	0.368106
COG2892	0.012853
COG2893	0.287383
COG2894	0.331248
COG2895	0.210208
COG2896	0.620223
COG2897	0.46669
COG2898	0.159811
COG2899	0.078192
COG2900	0.171172
COG2901	0.164132
COG2902	0.235395
COG2905	0.341328
COG2906	0.192536
COG2907	0.223569
COG2908	0.33169
COG2909	0.28126
COG2910	0.133397
COG2911	0.444055
COG2912	0.177372
COG2913	0.320826
COG2914	0.1535
COG2915	0.086857
COG2916	0.107237
COG2917	0.25331
COG2918	0.127318
COG2919	0.614564
COG2920	0.125539
COG2921	0.178013
COG2922	0.092958
COG2923	0.084912
COG2924	0.191519
COG2925	0.134458
COG2926	0.016501
COG2927	0.265169
COG2928	0.286046
COG2929	0.188623
COG2930	0.156252
COG2931	0.436385
COG2932	0.205919
COG2933	0.10738
COG2935	0.26224
COG2936	0.27369
COG2937	0.141918
COG2938	0.263566
COG2939	0.110431
COG2940	0.186501
COG2941	0.191861
COG2942	0.182942
COG2943	0.104474
COG2944	0.278884
COG2945	0.316162
COG2946	0.023021
COG2947	0.284698
COG2948	0.109978
COG2949	0.122135
COG2951	0.345804
COG2952	0.046794
COG2954	0.185529
COG2956	0.176378
COG2957	0.278741
COG2958	0.018191
COG2959	0.231405
COG2960	0.278199
COG2961	0.206185
COG2962	0.301419
COG2963	0.48098
COG2964	0.129772
COG2965	0.064554
COG2966	0.251752
COG2967	0.25016
COG2968	0.337294
COG2969	0.165337
COG2971	0.216021
COG2972	0.33547
COG2973	0.029166
COG2974	0.134325
COG2975	0.110707
COG2976	0.22274
COG2977	0.10086
COG2978	0.114432
COG2979	0.089963
COG2980	0.229184
COG2981	0.234643
COG2982	0.365675
COG2983	0.181771
COG2984	0.293915
COG2985	0.072755
COG2986	0.343704
COG2987	0.321412
COG2988	0.067118
COG2989	0.15644
COG2990	0.032371
COG2991	0.058918
COG2992	0.072114
COG2993	0.237904
COG2994	0.017573
COG2995	0.13417
COG2996	0.170288
COG2998	0.152771
COG2999	0.016954
COG3000	0.305541
COG3001	0.167514
COG3002	0.070655
COG3004	0.279448
COG3005	0.173029
COG3006	0.016943
COG3007	0.106585
COG3008	0.035521
COG3009	0.1121
COG3010	0.104142
COG3011	0.312758
COG3012	0.410822
COG3013	0.019031
COG3014	0.095898
COG3015	0.042218
COG3016	0.102241
COG3017	0.150571
COG3018	0.05673
COG3019	0.134049
COG3021	0.205621
COG3022	0.325004
COG3023	0.413375
COG3024	0.240302
COG3025	0.201211
COG3026	0.149168
COG3027	0.466701
COG3028	0.148472
COG3029	0.032526
COG3030	0.271479
COG3031	0.117526
COG3033	0.10979
COG3034	0.210517
COG3036	0.026712
COG3037	0.061018
COG3038	0.226443
COG3039	0.318107
COG3040	0.153843
COG3041	0.130689
COG3042	0.039754
COG3043	0.074877
COG3044	0.067881
COG3045	0.104938
COG3046	0.182401
COG3047	0.152738
COG3048	0.052463
COG3049	0.193862
COG3050	0.018368
COG3051	0.053403
COG3052	0.073871
COG3053	0.045136
COG3054	0.022236
COG3055	0.173858
COG3056	0.042185
COG3057	0.035642
COG3058	0.071694
COG3059	0.044517
COG3060	0.025718
COG3061	0.013771
COG3062	0.062819
COG3063	0.321865
COG3064	0.443591
COG3065	0.045711
COG3066	0.053005
COG3067	0.041544
COG3068	0.031498
COG3069	0.062068
COG3070	0.275127
COG3071	0.189806
COG3072	0.043401
COG3073	0.120963
COG3074	0.045578
COG3075	0.028238
COG3076	0.039687
COG3077	0.19994
COG3078	0.023839
COG3079	0.095533
COG3080	0.032669
COG3081	0.103391
COG3082	0.022248
COG3083	0.047689
COG3084	0.015417
COG3085	0.024182
COG3086	0.133054
COG3087	0.374881
COG3088	0.329767
COG3089	0.056531
COG3090	0.288908
COG3091	0.116918
COG3092	0.024071
COG3093	0.312648
COG3094	0.072136
COG3095	0.016998
COG3096	0.020015
COG3097	0.011792
COG3098	0.049479
COG3099	0.016202
COG3100	0.077176
COG3101	0.045788
COG3102	0.018877
COG3103	0.396665
COG3104	0.247828
COG3105	0.055547
COG3106	0.085365
COG3107	0.134148
COG3108	0.185407
COG3109	0.062698
COG3110	0.027044
COG3111	0.052508
COG3112	0.022236
COG3113	0.122864
COG3114	0.113746
COG3115	0.245894
COG3116	0.171725
COG3117	0.178831
COG3118	0.912281
COG3119	0.456478
COG3120	0.014478
COG3121	0.117791
COG3122	0.073584
COG3123	0.12776
COG3124	0.06031
COG3125	0.125716
COG3126	0.063582
COG3127	0.337316
COG3128	0.155832
COG3129	0.04633
COG3130	0.038416
COG3131	0.09729
COG3132	0.117537
COG3133	0.112387
COG3134	0.106132
COG3135	0.135066
COG3136	0.018004
COG3137	0.175449
COG3138	0.094317
COG3139	0.052519
COG3140	0.013528
COG3141	0.034504
COG3142	0.173228
COG3143	0.12818
COG3144	0.207367
COG3145	0.238169
COG3146	0.2759
COG3147	0.259576
COG3148	0.093521
COG3149	0.118587
COG3150	0.109812
COG3151	0.081431
COG3152	0.212628
COG3153	0.435004
COG3154	0.100307
COG3155	0.061858
COG3156	0.232986
COG3157	0.115913
COG3158	0.234047
COG3159	0.194271
COG3160	0.051955
COG3161	0.154672
COG3162	0.156617
COG3164	0.25026
COG3165	0.147919
COG3166	0.259344
COG3167	0.211666
COG3168	0.137287
COG3169	0.130324
COG3170	0.44516
COG3171	0.034427
COG3172	0.090195
COG3173	0.422261
COG3174	0.111138
COG3175	0.220641
COG3176	0.194834
COG3177	0.553757
COG3178	0.294291
COG3179	0.089797
COG3180	0.148173
COG3181	0.247519
COG3182	0.217004
COG3183	0.069296
COG3184	0.101247
COG3185	0.30038
COG3186	0.135905
COG3187	0.179903
COG3188	0.119151
COG3189	0.173327
COG3190	0.249077
COG3191	0.303143
COG3192	0.03656
COG3193	0.263389
COG3194	0.128534
COG3195	0.136348
COG3196	0.017296
COG3197	0.199067
COG3198	0.091234
COG3199	0.053779
COG3200	0.285946
COG3201	0.202305
COG3202	0.086758
COG3203	0.313178
COG3204	0.055447
COG3205	0.071826
COG3206	0.389735
COG3207	0.011881
COG3208	0.101236
COG3209	0.464137
COG3210	0.423377
COG3211	0.232853
COG3212	0.214065
COG3213	0.148505
COG3214	0.257035
COG3215	0.115205
COG3216	0.232798
COG3217	0.222796
COG3218	0.165779
COG3219	0.162275
COG3220	0.200283
COG3221	0.319544
COG3222	0.166265
COG3223	0.07775
COG3224	0.109746
COG3225	0.29576
COG3226	0.101026
COG3227	0.161391
COG3228	0.12923
COG3230	0.070522
COG3231	0.05852
COG3232	0.090117
COG3233	0.062255
COG3234	0.015141
COG3235	0.053469
COG3236	0.004189
COG3237	0.240578
COG3238	0.196978
COG3239	0.34692
COG3240	0.091687
COG3241	0.040019
COG3242	0.146571
COG3243	0.238567
COG3245	0.148582
COG3246	0.239606
COG3247	0.303353
COG3248	0.052298
COG3249	0.11431
COG3250	0.462899
COG3251	0.075916
COG3252	0.040262
COG3253	0.184368
COG3254	0.164707
COG3255	0.279746
COG3256	0.113039
COG3257	0.078756
COG3258	0.18523
COG3259	0.123715
COG3260	0.136469
COG3261	0.145797
COG3262	0.005338
COG3263	0.202294
COG3264	0.308669
COG3265	0.201289
COG3266	0.456058
COG3267	0.240777
COG3268	0.141343
COG3269	0.015893
COG3270	0.009538
COG3271	0.192049
COG3272	0.020435
COG3273	0.01618
COG3274	0.127329
COG3275	0.181263
COG3276	0.271535
COG3277	0.01734
COG3278	0.257245
COG3279	0.505128
COG3280	0.140216
COG3281	0.075418
COG3283	0.042638
COG3284	0.189198
COG3285	0.119228
COG3286	0.004598
COG3287	0.144835
COG3288	0.405628
COG3290	0.321224
COG3291	0.389481
COG3292	0.143001
COG3293	0.196879
COG3294	0.085255
COG3295	0.072633
COG3296	0.11809
COG3297	0.110784
COG3298	0.105922
COG3299	0.168995
COG3300	0.069937
COG3301	0.069671
COG3302	0.0829
COG3303	0.150494
COG3304	0.137641
COG3305	0.044749
COG3306	0.084912
COG3307	0.636745
COG3308	0.10506
COG3309	0.013406
COG3310	0.08615
COG3311	0.376329
COG3312	0.110685
COG3313	0.190911
COG3314	0.202615
COG3315	0.172775
COG3316	0.131805
COG3317	0.163867
COG3318	0.05358
COG3319	0.05106
COG3320	0.077894
COG3321	0.094792
COG3322	0.023209
COG3323	0.073562
COG3324	0.306647
COG3325	0.135563
COG3326	0.204394
COG3327	0.138149
COG3328	0.269479
COG3329	0.080878
COG3330	0.058288
COG3331	0.115106
COG3332	0.154429
COG3333	0.232621
COG3334	0.132037
COG3335	0.22389
COG3336	0.184114
COG3337	0.020048
COG3338	0.088913
COG3339	0.247983
COG3340	0.202007
COG3341	0.015583
COG3342	0.134502
COG3343	0.076391
COG3344	0.35512
COG3345	0.291903
COG3346	0.327402
COG3347	0.047369
COG3349	0.04486
COG3350	0.157335
COG3351	0.001393
COG3352	0.001138
COG3353	0.00431
COG3354	0.006686
COG3355	0.019241
COG3356	0.113017
COG3357	0.012146
COG3358	0.098207
COG3359	0.131684
COG3360	0.190701
COG3361	0.093311
COG3363	0.126688
COG3364	0.009582
COG3365	0.010179
COG3366	0.034471
COG3367	0.089145
COG3368	0.00294
COG3369	0.20929
COG3370	0.03331
COG3371	0.059625
COG3372	0.027552
COG3373	0.001304
COG3374	0.005603
COG3375	0.076004
COG3376	0.002199
COG3377	0.033056
COG3378	0.179527
COG3379	0.0685
COG3380	0.117659
COG3381	0.131065
COG3382	0.121737
COG3383	0.559946
COG3384	0.275989
COG3385	0.27537
COG3386	0.440574
COG3387	0.343958
COG3388	0.000442
COG3389	0.013207
COG3390	0.006885
COG3391	0.590383
COG3392	0.073164
COG3393	0.210815
COG3394	0.186269
COG3395	0.164795
COG3396	0.20813
COG3397	0.055834
COG3398	0.010367
COG3399	0.025055
COG3400	0.01114
COG3401	0.053038
COG3402	0.149013
COG3403	0.044539
COG3404	0.201057
COG3405	0.111503
COG3407	0.083066
COG3408	0.359928
COG3409	0.471652
COG3410	0.041854
COG3411	0.290345
COG3412	0.059548
COG3413	0.011549
COG3414	0.083774
COG3415	0.217778
COG3416	0.076369
COG3417	0.107193
COG3418	0.113326
COG3419	0.122522
COG3420	0.335492
COG3421	0.01944
COG3422	0.12681
COG3423	0.03982
COG3424	0.154793
COG3425	0.098329
COG3426	0.096052
COG3427	0.246071
COG3428	0.344886
COG3429	0.110762
COG3430	3.3e-05
COG3431	0.109326
COG3432	0.15959
COG3433	0.016777
COG3434	0.120521
COG3435	0.088393
COG3436	0.147621
COG3437	0.449603
COG3439	0.208804
COG3440	0.190458
COG3442	0.174808
COG3443	0.014898
COG3444	0.078469
COG3445	0.021584
COG3447	0.041787
COG3448	0.179826
COG3449	0.125727
COG3450	0.138215
COG3451	0.325811
COG3452	0.030868
COG3453	0.131905
COG3454	0.089907
COG3455	0.069594
COG3456	0.006012
COG3457	0.061272
COG3458	0.122621
COG3459	0.264307
COG3460	0.133629
COG3461	0.047811
COG3462	0.079386
COG3463	0.073727
COG3464	0.243894
COG3465	0.036007
COG3466	0.002177
COG3467	0.347273
COG3468	0.180997
COG3469	0.060951
COG3470	0.045258
COG3471	0.062134
COG3472	0.008355
COG3473	0.135021
COG3474	0.206151
COG3475	0.11736
COG3476	0.256814
COG3477	0.024237
COG3478	0.034681
COG3479	0.013583
COG3480	0.183495
COG3481	0.306481
COG3482	0.027729
COG3483	0.189342
COG3484	0.133795
COG3485	0.261599
COG3486	0.085332
COG3487	0.072611
COG3488	0.113415
COG3489	0.069075
COG3490	0.06094
COG3491	0.188457
COG3492	0.136303
COG3493	0.036516
COG3494	0.201145
COG3495	0.089918
COG3496	0.208583
COG3497	0.138713
COG3498	0.043843
COG3499	0.045037
COG3500	0.10811
COG3501	0.180743
COG3502	0.182202
COG3503	0.191928
COG3504	0.101412
COG3505	0.32875
COG3506	0.102551
COG3507	0.241053
COG3508	0.206107
COG3509	0.258538
COG3510	0.066179
COG3511	0.136193
COG3512	0.06493
COG3513	0.092659
COG3514	0.143144
COG3515	0.10885
COG3516	0.103733
COG3517	0.101468
COG3518	0.101512
COG3519	0.103203
COG3520	0.102164
COG3521	0.06283
COG3522	0.10506
COG3523	0.105667
COG3524	0.064002
COG3525	0.260505
COG3526	0.088924
COG3527	0.064676
COG3528	0.061029
COG3529	0.051933
COG3530	0.081519
COG3531	0.074125
COG3533	0.192403
COG3534	0.209533
COG3535	0.065626
COG3536	0.253841
COG3537	0.098263
COG3538	0.048463
COG3539	0.027188
COG3540	0.239771
COG3541	0.10391
COG3542	0.165845
COG3543	0.047446
COG3544	0.195763
COG3545	0.161756
COG3546	0.209887
COG3547	0.406125
COG3548	0.13238
COG3549	0.174642
COG3550	0.345262
COG3551	0.042694
COG3552	0.186744
COG3553	0.052972
COG3554	0.067792
COG3555	0.088857
COG3556	0.037267
COG3557	0.103435
COG3558	0.125262
COG3559	0.099755
COG3560	0.050087
COG3561	0.026878
COG3562	0.08016
COG3563	0.060697
COG3564	0.116034
COG3565	0.119637
COG3566	0.018048
COG3567	0.024789
COG3568	0.509007
COG3569	0.144007
COG3570	0.095356
COG3571	0.170586
COG3572	0.259786
COG3573	0.089941
COG3575	0.076402
COG3576	0.319113
COG3577	0.211059
COG3579	0.066698
COG3580	0.040561
COG3581	0.104109
COG3582	0.005471
COG3583	0.218342
COG3584	0.115039
COG3585	0.148173
COG3586	0.016976
COG3587	0.09235
COG3588	0.183241
COG3589	0.049358
COG3590	0.216032
COG3591	0.227051
COG3592	0.011616
COG3593	0.117813
COG3594	0.139254
COG3595	0.288035
COG3596	0.044727
COG3597	0.084182
COG3598	0.135651
COG3599	0.307111
COG3600	0.097412
COG3601	0.200007
COG3602	0.054165
COG3603	0.084127
COG3604	0.125992
COG3605	0.20057
COG3607	0.104794
COG3608	0.307044
COG3609	0.180312
COG3610	0.124036
COG3611	0.07186
COG3612	0.02774
COG3613	0.139729
COG3614	0.055016
COG3615	0.031498
COG3616	0.288455
COG3617	0.132314
COG3618	0.273579
COG3619	0.228123
COG3620	0.257057
COG3621	0.070147
COG3622	0.2594
COG3623	0.034316
COG3624	0.076656
COG3625	0.078679
COG3626	0.078668
COG3627	0.078292
COG3628	0.133209
COG3629	0.151831
COG3630	0.050441
COG3631	0.383247
COG3633	0.085465
COG3634	0.199388
COG3635	0.195984
COG3636	0.134016
COG3637	0.344544
COG3638	0.218695
COG3639	0.217004
COG3640	0.094284
COG3641	0.116996
COG3642	0.133772
COG3643	0.062311
COG3644	0.042705
COG3645	0.087343
COG3646	0.058885
COG3647	0.096583
COG3648	0.056486
COG3649	0.092494
COG3650	0.053712
COG3651	0.142526
COG3652	0.107369
COG3653	0.269413
COG3654	0.27926
COG3655	0.364968
COG3656	0.045236
COG3657	0.092604
COG3658	0.14698
COG3659	0.120344
COG3660	0.108298
COG3661	0.062034
COG3662	0.141376
COG3663	0.304403
COG3664	0.154893
COG3665	0.1349
COG3666	0.154196
COG3667	0.096483
COG3668	0.340333
COG3669	0.164011
COG3670	0.096483
COG3671	0.08867
COG3672	0.109834
COG3673	0.090736
COG3675	0.092206
COG3676	0.024756
COG3677	0.235185
COG3678	0.138867
COG3679	0.143741
COG3680	0.017805
COG3681	0.099898
COG3682	0.301751
COG3683	0.066864
COG3684	0.060454
COG3685	0.082381
COG3686	0.137442
COG3687	0.076645
COG3688	0.179726
COG3689	0.089664
COG3691	0.017119
COG3692	0.008411
COG3693	0.196779
COG3694	0.16537
COG3695	0.307973
COG3696	0.283294
COG3697	0.02217
COG3698	0.068434
COG3700	0.009858
COG3701	0.053458
COG3702	0.043799
COG3703	0.192193
COG3704	0.057713
COG3705	0.384474
COG3707	0.365443
COG3708	0.111912
COG3709	0.093897
COG3710	0.085719
COG3711	0.102717
COG3712	0.164221
COG3713	0.141188
COG3714	0.164077
COG3715	0.08615
COG3716	0.08531
COG3717	0.112398
COG3718	0.163259
COG3719	0.100296
COG3720	0.058741
COG3721	0.021783
COG3722	0.01818
COG3723	0.0519
COG3724	0.07869
COG3725	0.05369
COG3726	0.021794
COG3727	0.146825
COG3728	0.071406
COG3729	0.037212
COG3730	0.024745
COG3731	0.029442
COG3732	0.026182
COG3733	0.063604
COG3734	0.112763
COG3735	0.159988
COG3736	0.050375
COG3737	0.170089
COG3738	0.059714
COG3739	0.066875
COG3740	0.139829
COG3741	0.206262
COG3742	0.056818
COG3743	0.117117
COG3744	0.164077
COG3745	0.336023
COG3746	0.195221
COG3747	0.058222
COG3748	0.205256
COG3749	0.16117
COG3750	0.1121
COG3751	0.208815
COG3752	0.185882
COG3753	0.074799
COG3754	0.06819
COG3755	0.11956
COG3756	0.024878
COG3757	0.24911
COG3758	0.113713
COG3759	0.111094
COG3760	0.164033
COG3761	0.119394
COG3762	0.138558
COG3763	0.066908
COG3764	0.318019
COG3765	0.046142
COG3766	0.119073
COG3767	0.026945
COG3768	0.0976
COG3769	0.054961
COG3770	0.091333
COG3771	0.020844
COG3772	0.107369
COG3773	0.231405
COG3774	0.119328
COG3775	0.039245
COG3776	0.023507
COG3777	0.108906
COG3778	0.03646
COG3779	0.024248
COG3780	0.033896
COG3781	0.073175
COG3782	0.049037
COG3783	0.01523
COG3784	0.092162
COG3785	0.123141
COG3786	0.170133
COG3787	0.032426
COG3788	0.11158
COG3789	0.027453
COG3790	0.018578
COG3791	0.254338
COG3792	0.001757
COG3793	0.111912
COG3794	0.296534
COG3795	0.228896
COG3797	0.182058
COG3798	0.035808
COG3799	0.021883
COG3800	0.017893
COG3801	0.103302
COG3802	0.047567
COG3803	0.188137
COG3804	0.118421
COG3805	0.045434
COG3806	0.147267
COG3807	0.186623
COG3808	0.519993
COG3809	0.145731
COG3811	0.023154
COG3812	0.117802
COG3813	0.0746
COG3814	0.118023
COG3815	0.03173
COG3816	0.149853
COG3817	0.05663
COG3818	0.042119
COG3819	0.056243
COG3820	0.129197
COG3821	0.089885
COG3822	0.076689
COG3823	0.088073
COG3824	0.257189
COG3825	0.201698
COG3826	0.065693
COG3827	0.116056
COG3828	0.171725
COG3829	0.393305
COG3830	0.194945
COG3831	0.086912
COG3832	0.419111
COG3833	0.161181
COG3835	0.228432
COG3836	0.286831
COG3837	0.129374
COG3838	0.064322
COG3839	0.13879
COG3840	0.054718
COG3842	0.79061
COG3843	0.163922
COG3844	0.21212
COG3845	0.417475
COG3846	0.051325
COG3847	0.166376
COG3848	0.05295
COG3850	0.308802
COG3851	0.023065
COG3852	0.402876
COG3853	0.195177
COG3854	0.180003
COG3855	0.103678
COG3856	0.09613
COG3857	0.3257
COG3858	0.176422
COG3859	0.140194
COG3860	0.10433
COG3861	0.198039
COG3862	0.116874
COG3863	0.055746
COG3864	0.123759
COG3865	0.218508
COG3866	0.092206
COG3867	0.071274
COG3868	0.105524
COG3869	0.192326
COG3870	0.116753
COG3871	0.240556
COG3872	0.234478
COG3874	0.194746
COG3875	0.196437
COG3876	0.167834
COG3877	0.080027
COG3878	0.07029
COG3879	0.100031
COG3880	0.232179
COG3881	0.060167
COG3882	0.088902
COG3883	0.053834
COG3884	0.194459
COG3885	0.054795
COG3886	0.032902
COG3887	0.195122
COG3888	0.002332
COG3889	0.013804
COG3890	0.001503
COG3892	0.011693
COG3893	0.001426
COG3894	0.028636
COG3895	0.054475
COG3896	0.049524
COG3897	0.117327
COG3898	0.088305
COG3899	0.031365
COG3900	0.023121
COG3901	0.003128
COG3903	0.068688
COG3904	0.072512
COG3905	0.138834
COG3906	0.136348
COG3907	0.068036
COG3908	0.069605
COG3909	0.167569
COG3910	0.139022
COG3911	0.059559
COG3913	0.053933
COG3914	0.066875
COG3915	0.05852
COG3916	0.099401
COG3917	0.215512
COG3918	0.033543
COG3919	0.155346
COG3920	0.222895
COG3921	0.103225
COG3923	0.019816
COG3924	0.025895
COG3926	0.069063
COG3930	0.057404
COG3931	0.117548
COG3932	0.093112
COG3933	0.000332
COG3934	0.154141
COG3935	0.283062
COG3936	0.012345
COG3937	0.108254
COG3938	0.163778
COG3940	0.092847
COG3941	0.048021
COG3942	0.083387
COG3943	0.151765
COG3944	0.144272
COG3945	0.207113
COG3946	0.038825
COG3947	0.08037
COG3948	0.046263
COG3949	0.111669
COG3950	0.115482
COG3951	0.168221
COG3952	0.07481
COG3953	0.026989
COG3954	0.091521
COG3955	0.013959
COG3957	0.198128
COG3958	0.385171
COG3959	0.37844
COG3960	0.069892
COG3961	0.061482
COG3962	0.15497
COG3963	0.143995
COG3964	0.076424
COG3965	0.044871
COG3966	0.028216
COG3967	0.067881
COG3968	0.227283
COG3969	0.022944
COG3970	0.110398
COG3971	0.227106
COG3972	0.008355
COG3973	0.195276
COG3975	0.171028
COG3976	0.123362
COG3977	0.040859
COG3978	0.030735
COG3979	0.085111
COG3980	0.075197
COG3981	0.131894
COG4002	0.005205
COG4003	0.008123
COG4004	4.4e-05
COG4006	0.025265
COG4007	0.001967
COG4008	0.00399
COG4009	0.002951
COG4010	0.004973
COG4012	0.013881
COG4013	0.002796
COG4014	0.003128
COG4015	0.001846
COG4016	0.001857
COG4017	0.001835
COG4018	0.001779
COG4019	0.001757
COG4020	0.003139
COG4021	0.020092
COG4022	0.006454
COG4023	0.013671
COG4024	0.001801
COG4025	0.00231
COG4026	0.00347
COG4028	0.003636
COG4029	0.003636
COG4030	0.07333
COG4031	0.007405
COG4032	0.068478
COG4033	0.002586
COG4034	0.019418
COG4035	0.002686
COG4036	0.002708
COG4037	0.00273
COG4038	0.002752
COG4039	0.002697
COG4040	0.002774
COG4041	0.002741
COG4042	0.002664
COG4043	0.032504
COG4044	0.060686
COG4046	0.016268
COG4047	0.014622
COG4048	0.003205
COG4049	0.00116
COG4050	0.003625
COG4051	0.003603
COG4052	0.003614
COG4053	0.002984
COG4054	0.00336
COG4055	0.003061
COG4056	0.002995
COG4057	0.003128
COG4058	0.003271
COG4059	0.00242
COG4060	0.002465
COG4061	0.003548
COG4062	0.002498
COG4063	0.012743
COG4064	0.002199
COG4065	0.003559
COG4066	0.003382
COG4067	0.110331
COG4068	0.004388
COG4069	0.003691
COG4070	0.003636
COG4071	0.006565
COG4072	0.011085
COG4073	0.002708
COG4075	0.001359
COG4076	0.045766
COG4077	0.002984
COG4078	0.002719
COG4079	0.002741
COG4080	0.005382
COG4081	0.002608
COG4083	0.017882
COG4084	0.00263
COG4085	0.020291
COG4086	0.061714
COG4087	0.029674
COG4088	0.021452
COG4089	0.031476
COG4090	0.002122
COG4091	0.100186
COG4092	0.001868
COG4093	0.073318
COG4094	0.120444
COG4095	0.109945
COG4096	0.222099
COG4097	0.147377
COG4098	0.056077
COG4099	0.177604
COG4100	0.211898
COG4101	0.088581
COG4102	0.224608
COG4103	0.166939
COG4104	0.106905
COG4105	0.407893
COG4106	0.314902
COG4107	0.076402
COG4108	0.488981
COG4109	0.114288
COG4110	0.024491
COG4111	0.052187
COG4112	0.042263
COG4113	0.148715
COG4114	0.081906
COG4115	0.160872
COG4116	0.040516
COG4117	0.109215
COG4118	0.243518
COG4119	0.071318
COG4120	0.191486
COG4121	0.063648
COG4122	0.609348
COG4123	0.444309
COG4124	0.124655
COG4125	0.063924
COG4126	0.177704
COG4127	0.049656
COG4128	0.01807
COG4129	0.181329
COG4130	0.02059
COG4132	0.079375
COG4133	0.231991
COG4134	0.089311
COG4135	0.037157
COG4136	0.035134
COG4137	0.183561
COG4138	0.011627
COG4139	0.011516
COG4143	0.136613
COG4145	0.057006
COG4146	0.08699
COG4147	0.298148
COG4148	0.226631
COG4149	0.433633
COG4150	0.026127
COG4152	0.213048
COG4154	0.130601
COG4158	0.042705
COG4160	0.103435
COG4166	0.582027
COG4168	0.015926
COG4171	0.023839
COG4174	0.169912
COG4175	0.179671
COG4176	0.18481
COG4177	0.52364
COG4178	0.104065
COG4181	0.260206
COG4185	0.128258
COG4186	0.081751
COG4187	0.034349
COG4188	0.232068
COG4189	0.048385
COG4190	0.056851
COG4191	0.573849
COG4192	0.008234
COG4193	0.070069
COG4194	0.068179
COG4195	0.020114
COG4196	0.007891
COG4197	0.022811
COG4198	0.366228
COG4199	6.6e-05
COG4200	0.058177
COG4206	0.34335
COG4208	0.183307
COG4209	0.125981
COG4211	0.052861
COG4213	0.198791
COG4214	0.189618
COG4215	0.111116
COG4218	0.002089
COG4219	0.201852
COG4220	0.036383
COG4221	0.577264
COG4222	0.151544
COG4223	0.214253
COG4224	0.14215
COG4225	0.173106
COG4226	0.161524
COG4227	0.143808
COG4228	0.028083
COG4229	0.060211
COG4230	0.007095
COG4231	0.241617
COG4232	0.389956
COG4233	0.066544
COG4235	0.249729
COG4237	0.095544
COG4238	0.029962
COG4239	0.175051
COG4240	0.049059
COG4241	0.075363
COG4242	0.112796
COG4243	0.146051
COG4244	0.133916
COG4245	0.063957
COG4246	0.080668
COG4247	0.055094
COG4248	0.061802
COG4249	0.232532
COG4250	0.005261
COG4251	0.251265
COG4252	0.0436
COG4253	0.035753
COG4254	0.153799
COG4255	0.081154
COG4256	0.078767
COG4257	0.094803
COG4258	0.138757
COG4259	0.028746
COG4260	0.275801
COG4261	0.070931
COG4262	0.255852
COG4263	0.071362
COG4264	0.072821
COG4266	0.071163
COG4267	0.045998
COG4268	0.1017
COG4269	0.087034
COG4270	0.133684
COG4271	0.051712
COG4272	0.026038
COG4273	0.03887
COG4274	0.104198
COG4275	0.063007
COG4276	0.095047
COG4277	0.177372
COG4278	0.063383
COG4279	0.101423
COG4280	0.026226
COG4281	0.050253
COG4282	0.046816
COG4283	0.057978
COG4284	0.129407
COG4285	0.026337
COG4286	0.055215
COG4287	0.024226
COG4288	0.040041
COG4289	0.072998
COG4290	0.129009
COG4291	0.127694
COG4292	0.115017
COG4293	0.031111
COG4294	0.057183
COG4295	0.061747
COG4296	0.013163
COG4297	0.047534
COG4298	0.047048
COG4299	0.073617
COG4300	0.038903
COG4301	0.190668
COG4302	0.10927
COG4303	0.106563
COG4304	0.004056
COG4305	0.021297
COG4306	0.002862
COG4307	0.104739
COG4308	0.045799
COG4309	0.081585
COG4310	0.037311
COG4311	0.128921
COG4312	0.111315
COG4313	0.132292
COG4314	0.086017
COG4315	0.112763
COG4316	0.005648
COG4317	0.0414
COG4318	0.028746
COG4319	0.333845
COG4320	0.118145
COG4321	0.133839
COG4322	0.027729
COG4323	0.088084
COG4324	0.085431
COG4325	0.132325
COG4326	0.049723
COG4327	0.143023
COG4328	0.022214
COG4329	0.041213
COG4330	0.033001
COG4331	0.018015
COG4332	0.027663
COG4333	0.072865
COG4334	0.025187
COG4335	0.098218
COG4336	0.106607
COG4337	0.021198
COG4338	0.087664
COG4339	0.114001
COG4340	0.065637
COG4341	0.122466
COG4342	0.002266
COG4343	0.005051
COG4344	0.003934
COG4345	0.004653
COG4346	0.113315
COG4347	0.029697
COG4352	0.005382
COG4353	0.003802
COG4354	0.044373
COG4357	0.018203
COG4359	0.059028
COG4360	0.017318
COG4362	0.033565
COG4365	0.066665
COG4367	0.04549
COG4370	0.005327
COG4371	0.002984
COG4372	0.147167
COG4373	0.066875
COG4374	0.032283
COG4377	0.047346
COG4378	0.021805
COG4379	0.034095
COG4380	0.042417
COG4381	0.019661
COG4382	0.032316
COG4383	0.048441
COG4384	0.018866
COG4385	0.091654
COG4386	0.033487
COG4387	0.029586
COG4388	0.037046
COG4389	0.041566
COG4390	0.024856
COG4391	0.193508
COG4392	0.228852
COG4393	0.032857
COG4394	0.076457
COG4395	0.246668
COG4396	0.012467
COG4397	0.030967
COG4398	0.086459
COG4399	0.082503
COG4401	0.117095
COG4402	0.028724
COG4403	0.089045
COG4405	0.124378
COG4408	0.007095
COG4409	0.269291
COG4412	0.13574
COG4413	0.03183
COG4416	0.103744
COG4420	0.194514
COG4421	0.050585
COG4422	0.13984
COG4423	0.04717
COG4424	0.124345
COG4425	0.049347
COG4427	0.088161
COG4430	0.259355
COG4443	0.06745
COG4445	0.081353
COG4446	0.137806
COG4447	0.342156
COG4448	0.18334
COG4449	0.012201
COG4451	0.054818
COG4452	0.06777
COG4453	0.090515
COG4454	0.135187
COG4455	0.041168
COG4456	0.10685
COG4457	0.017617
COG4458	0.016744
COG4459	0.024193
COG4460	0.023364
COG4461	0.089189
COG4463	0.111481
COG4464	0.196161
COG4465	0.094814
COG4466	0.118543
COG4467	0.085652
COG4468	0.134513
COG4469	0.074545
COG4470	0.056188
COG4471	0.041489
COG4472	0.211003
COG4473	0.04161
COG4474	0.100208
COG4475	0.093378
COG4476	0.033012
COG4477	0.067118
COG4478	0.097412
COG4479	0.030702
COG4481	0.215048
COG4483	0.031885
COG4485	0.231538
COG4487	0.097345
COG4492	0.109027
COG4493	0.030581
COG4495	0.02301
COG4496	0.232179
COG4499	0.01303
COG4502	0.041412
COG4506	0.153611
COG4508	0.077109
COG4509	0.15297
COG4512	0.060609
COG4517	0.05894
COG4518	0.001647
COG4519	0.021872
COG4520	0.084249
COG4521	0.082149
COG4525	0.035642
COG4529	0.115183
COG4530	0.099069
COG4531	0.201687
COG4533	0.024845
COG4535	0.162143
COG4536	0.206229
COG4537	0.054287
COG4538	0.041467
COG4539	0.087653
COG4540	0.051933
COG4541	0.039743
COG4542	0.034526
COG4544	0.223691
COG4545	0.022336
COG4547	0.150859
COG4548	0.129285
COG4549	0.091687
COG4550	0.029564
COG4551	0.038814
COG4552	0.236401
COG4553	0.140658
COG4555	0.110751
COG4558	0.117858
COG4559	0.106231
COG4564	0.076722
COG4565	0.119913
COG4566	0.187827
COG4567	0.184103
COG4568	0.029763
COG4569	0.087167
COG4570	0.087001
COG4571	0.016268
COG4572	0.064355
COG4573	0.057503
COG4574	0.019319
COG4575	0.117747
COG4576	0.119427
COG4577	0.124014
COG4578	0.023275
COG4579	0.086647
COG4580	0.038394
COG4581	0.332917
COG4582	0.101998
COG4583	0.116034
COG4584	0.254249
COG4585	0.462225
COG4586	0.168332
COG4587	0.16548
COG4588	0.008134
COG4589	0.470834
COG4590	0.076457
COG4591	0.525795
COG4592	0.015462
COG4594	0.015263
COG4597	0.147466
COG4598	0.089664
COG4603	0.406048
COG4604	0.080889
COG4605	0.078745
COG4606	0.079231
COG4607	0.08668
COG4608	0.60569
COG4615	0.052707
COG4618	0.109978
COG4619	0.036394
COG4623	0.106629
COG4624	0.007946
COG4625	0.197885
COG4626	0.156451
COG4627	0.153655
COG4628	0.091212
COG4630	0.155489
COG4631	0.146217
COG4632	0.198979
COG4633	0.066256
COG4634	0.102893
COG4635	0.135021
COG4636	0.182976
COG4637	0.230189
COG4638	0.335857
COG4639	0.089918
COG4640	0.126136
COG4641	0.156462
COG4642	0.035466
COG4643	0.135972
COG4644	0.091742
COG4645	0.07533
COG4646	0.004741
COG4647	0.017407
COG4648	0.069461
COG4649	0.13406
COG4650	0.037466
COG4651	0.026679
COG4652	0.024082
COG4653	0.194094
COG4654	0.094129
COG4655	0.093356
COG4656	0.316162
COG4657	0.27663
COG4658	0.33127
COG4659	0.283393
COG4660	0.27516
COG4662	0.138856
COG4663	0.20246
COG4664	0.199465
COG4665	0.204018
COG4666	0.205477
COG4667	0.179638
COG4668	0.041677
COG4669	0.04087
COG4670	0.126788
COG4671	0.082038
COG4672	0.014986
COG4674	0.160142
COG4675	0.118996
COG4676	0.047269
COG4677	0.088393
COG4678	0.038063
COG4679	0.150472
COG4680	0.073617
COG4681	0.139066
COG4682	0.021684
COG4683	0.061791
COG4684	0.140393
COG4685	0.007648
COG4687	0.030857
COG4688	0.014113
COG4689	0.106331
COG4690	0.104153
COG4691	0.085188
COG4692	0.067129
COG4693	0.007968
COG4694	0.053878
COG4695	0.1908
COG4696	0.038383
COG4697	0.002199
COG4698	0.026602
COG4699	0.013881
COG4700	0.037146
COG4701	0.11116
COG4702	0.071208
COG4703	0.020811
COG4704	0.085332
COG4705	0.071771
COG4706	0.081486
COG4707	0.004918
COG4708	0.153611
COG4709	0.155434
COG4710	0.046949
COG4711	0.018026
COG4712	0.018556
COG4713	0.056619
COG4714	0.048021
COG4715	0.128048
COG4716	0.071517
COG4717	0.058045
COG4718	0.012853
COG4719	0.037698
COG4720	0.223768
COG4721	0.070323
COG4722	0.051248
COG4723	0.014644
COG4724	0.012467
COG4725	0.059382
COG4726	0.146902
COG4727	0.023651
COG4728	0.18281
COG4729	0.068301
COG4731	0.157346
COG4732	0.056298
COG4733	0.371068
COG4734	0.051635
COG4735	0.01124
COG4736	0.155854
COG4737	0.102064
COG4738	0.000155
COG4739	0.022336
COG4740	0.000995
COG4741	0.01818
COG4742	0.012566
COG4743	0.012621
COG4744	0.028823
COG4745	0.056951
COG4746	0.001835
COG4747	0.192989
COG4748	0.048606
COG4749	4.4e-05
COG4750	0.026116
COG4752	0.025718
COG4753	0.100153
COG4754	0.005327
COG4755	0.002951
COG4756	0.01093
COG4757	0.079099
COG4758	0.173736
COG4759	0.051502
COG4760	0.14425
COG4762	0.06188
COG4763	0.045003
COG4764	0.098539
COG4765	0.123726
COG4766	0.035985
COG4767	0.206527
COG4768	0.105236
COG4769	0.187441
COG4770	0.546506
COG4772	0.189983
COG4773	0.204461
COG4774	0.189761
COG4775	0.485754
COG4776	0.023021
COG4778	0.077905
COG4779	0.081176
COG4781	0.000111
COG4782	0.089388
COG4783	0.405362
COG4784	0.114012
COG4785	0.044727
COG4786	0.378816
COG4787	0.122168
COG4789	0.04297
COG4790	0.039102
COG4791	0.035985
COG4792	0.019949
COG4794	0.033377
COG4795	0.170321
COG4796	0.273878
COG4797	0.004343
COG4798	0.127661
COG4799	0.58941
COG4800	0.001304
COG4801	0.003603
COG4802	0.030271
COG4803	0.094383
COG4804	0.171692
COG4805	0.27821
COG4806	0.093599
COG4807	0.066356
COG4808	0.00851
COG4809	0.014776
COG4810	0.039621
COG4811	0.008676
COG4812	0.020778
COG4813	0.092029
COG4814	0.014158
COG4815	0.019109
COG4816	0.035311
COG4817	0.039787
COG4818	0.088979
COG4819	0.036206
COG4820	0.022458
COG4821	0.098384
COG4822	0.073053
COG4823	0.107336
COG4824	0.063858
COG4825	0.059946
COG4826	0.163778
COG4827	0.003271
COG4828	0.088084
COG4829	0.054552
COG4830	0.014467
COG4831	0.00494
COG4832	0.132866
COG4833	0.04287
COG4834	0.017473
COG4835	0.010455
COG4836	0.032681
COG4837	0.017528
COG4838	0.027939
COG4839	0.049137
COG4840	0.023706
COG4841	0.028636
COG4842	0.123417
COG4843	0.077474
COG4844	0.028514
COG4845	0.07817
COG4846	0.025961
COG4847	0.00137
COG4848	0.049247
COG4849	0.032493
COG4850	0.078723
COG4851	0.029531
COG4852	0.080889
COG4853	0.047523
COG4854	0.003006
COG4855	0.002973
COG4856	0.295241
COG4857	0.080955
COG4858	0.028868
COG4859	0.054729
COG4860	0.004399
COG4861	0.051447
COG4862	0.109127
COG4863	0.04234
COG4864	0.122997
COG4865	0.031586
COG4866	0.119184
COG4867	0.097423
COG4868	0.167481
COG4869	0.144382
COG4870	0.137431
COG4871	0.007405
COG4872	0.057779
COG4873	0.01198
COG4874	0.040925
COG4875	0.050574
COG4876	0.019893
COG4877	0.139243
COG4878	0.019164
COG4879	0.003117
COG4880	0.001083
COG4881	0.011251
COG4882	0.004332
COG4883	0.002862
COG4884	0.003216
COG4885	0.024988
COG4886	0.235539
COG4887	0.034946
COG4888	0.028912
COG4889	0.003968
COG4890	0.067815
COG4891	0.034206
COG4892	0.020954
COG4893	0.000774
COG4894	0.1453
COG4895	0.053701
COG4896	0.016346
COG4897	0.01009
COG4898	0.09214
COG4899	0.020203
COG4900	0.02175
COG4901	0.011372
COG4902	0.037941
COG4903	0.032017
COG4904	0.000376
COG4905	0.182633
COG4906	0.005305
COG4907	0.208738
COG4908	0.087564
COG4909	0.022988
COG4910	0.022303
COG4911	0.084459
COG4912	0.340023
COG4913	0.098661
COG4914	0.068931
COG4915	0.10569
COG4916	0.055602
COG4917	0.038472
COG4918	0.012511
COG4919	0.011273
COG4920	0.002951
COG4921	0.000232
COG4922	0.093886
COG4923	0.039146
COG4924	0.088415
COG4925	0.066941
COG4926	0.039908
COG4927	0.107358
COG4928	0.12629
COG4929	0.064112
COG4930	0.058531
COG4932	0.351926
COG4933	0.030625
COG4934	0.079021
COG4935	0.054
COG4936	0.004819
COG4938	0.045722
COG4939	0.039069
COG4940	0.029498
COG4941	0.183097
COG4942	0.594085
COG4943	0.049391
COG4944	0.064179
COG4945	0.014854
COG4946	0.017097
COG4947	0.068279
COG4948	0.533764
COG4949	0.099799
COG4950	0.024469
COG4951	0.021772
COG4952	0.092969
COG4953	0.168962
COG4954	0.067583
COG4955	0.024535
COG4956	0.187916
COG4957	0.087343
COG4959	0.055105
COG4960	0.141244
COG4961	0.293893
COG4962	0.479344
COG4963	0.156915
COG4964	0.189994
COG4965	0.400687
COG4966	0.163535
COG4967	0.21633
COG4968	0.317069
COG4969	0.232245
COG4970	0.252382
COG4972	0.441193
COG4973	0.192933
COG4974	0.934539
COG4975	0.034902
COG4976	0.2075
COG4977	0.386419
COG4978	0.083243
COG4980	0.086724
COG4981	0.012666
COG4983	0.031476
COG4984	0.018457
COG4986	0.068666
COG4987	0.187275
COG4988	0.192668
COG4989	0.159523
COG4990	0.091399
COG4992	0.759289
COG4993	0.169072
COG4994	0.057083
COG4995	0.077949
COG4996	0.003117
COG4997	0.057183
COG4998	0.002796
COG5000	0.464015
COG5001	0.544694
COG5002	0.840631
COG5003	0.009483
COG5004	0.037875
COG5005	0.053281
COG5006	0.131275
COG5007	0.167558
COG5008	0.12723
COG5009	0.430163
COG5010	0.160308
COG5011	0.227846
COG5012	0.258416
COG5013	0.127882
COG5014	0.008532
COG5015	0.110221
COG5016	0.179925
COG5017	0.06672
COG5018	0.119825
COG5019	0.045401
COG5020	0.000387
COG5021	0.000652
COG5022	0.006432
COG5023	0.002509
COG5024	0.000221
COG5025	0.00021
COG5026	0.027807
COG5027	2.2e-05
COG5028	5.5e-05
COG5029	0.020203
COG5030	3.3e-05
COG5031	0.035709
COG5032	0.096616
COG5033	0.001116
COG5034	5.5e-05
COG5035	4.4e-05
COG5036	0.168387
COG5037	2.2e-05
COG5038	0.000243
COG5039	0.028536
COG5040	0.000188
COG5041	3.3e-05
COG5042	0.029708
COG5043	8.8e-05
COG5044	0.003238
COG5045	4.4e-05
COG5046	1.1e-05
COG5047	1.1e-05
COG5048	0.004631
COG5049	0.002652
COG5050	0.002199
COG5051	4.4e-05
COG5052	1.1e-05
COG5053	0.000166
COG5054	0.000553
COG5055	0.007372
COG5056	1.1e-05
COG5057	1.1e-05
COG5058	1.1e-05
COG5059	0.000586
COG5061	0.036427
COG5062	2.2e-05
COG5064	0.000122
COG5065	2.2e-05
COG5066	0.001757
COG5068	0.0
COG5069	0.000696
COG5070	2.2e-05
COG5072	1.1e-05
COG5074	0.007018
COG5075	2.2e-05
COG5076	0.000122
COG5077	0.000696
COG5078	0.012853
COG5080	1.1e-05
COG5082	5.5e-05
COG5083	0.029641
COG5087	1.1e-05
COG5090	1.1e-05
COG5091	2.2e-05
COG5092	5.5e-05
COG5093	1.1e-05
COG5094	0.028613
COG5096	0.000177
COG5097	1.1e-05
COG5098	6.6e-05
COG5099	2.2e-05
COG5100	1.1e-05
COG5101	4.4e-05
COG5102	0.0
COG5103	3.3e-05
COG5106	1.1e-05
COG5107	0.006454
COG5108	0.003537
COG5110	7.7e-05
COG5112	1.1e-05
COG5113	0.085122
COG5114	0.003139
COG5116	3.3e-05
COG5118	1.1e-05
COG5119	0.00063
COG5122	1.1e-05
COG5123	0.0
COG5124	0.0
COG5125	1.1e-05
COG5126	0.131208
COG5127	2.2e-05
COG5129	6.6e-05
COG5131	0.000752
COG5133	0.000707
COG5134	4.4e-05
COG5135	0.025342
COG5137	2.2e-05
COG5139	1.1e-05
COG5140	3.3e-05
COG5141	4.4e-05
COG5142	2.2e-05
COG5143	0.000188
COG5144	0.002763
COG5145	0.0
COG5146	0.037565
COG5147	0.000729
COG5148	0.014423
COG5150	1.1e-05
COG5151	3.3e-05
COG5153	0.018689
COG5155	1.1e-05
COG5156	0.006576
COG5157	1.1e-05
COG5158	3.3e-05
COG5159	2.2e-05
COG5160	0.004211
COG5161	1.1e-05
COG5162	1.1e-05
COG5163	2.2e-05
COG5164	0.076977
COG5165	3.3e-05
COG5166	0.001669
COG5167	0.0
COG5169	2.2e-05
COG5171	3.3e-05
COG5173	4.4e-05
COG5175	1.1e-05
COG5176	0.000133
COG5178	0.000111
COG5180	0.035311
COG5182	0.0
COG5183	0.018766
COG5184	0.148759
COG5185	0.021463
COG5186	0.001415
COG5187	0.001691
COG5188	2.2e-05
COG5189	1.1e-05
COG5190	0.005029
COG5192	3.3e-05
COG5193	2.2e-05
COG5194	0.0
COG5195	0.000431
COG5196	1.1e-05
COG5198	0.000133
COG5199	2.2e-05
COG5200	1.1e-05
COG5201	0.000199
COG5206	0.00074
COG5207	0.056564
COG5209	1.1e-05
COG5210	0.000133
COG5212	0.005404
COG5213	0.0
COG5214	4.4e-05
COG5215	0.000774
COG5216	1.1e-05
COG5217	1.1e-05
COG5218	2.2e-05
COG5219	1.1e-05
COG5222	0.003702
COG5225	1.1e-05
COG5226	0.000188
COG5227	0.000155
COG5228	1.1e-05
COG5230	1.1e-05
COG5231	1.1e-05
COG5235	2.2e-05
COG5236	0.0
COG5237	1.1e-05
COG5238	0.005791
COG5239	0.006322
COG5240	4.4e-05
COG5241	1.1e-05
COG5243	4.4e-05
COG5244	0.002586
COG5245	0.00053
COG5246	1.1e-05
COG5247	1.1e-05
COG5249	1.1e-05
COG5251	1.1e-05
COG5252	1.1e-05
COG5253	0.032294
COG5254	4.4e-05
COG5255	0.016666
COG5256	0.035322
COG5258	0.000519
COG5259	3.3e-05
COG5260	0.004487
COG5261	1.1e-05
COG5262	0.000221
COG5263	0.117758
COG5264	0.000188
COG5265	0.226509
COG5266	0.116697
COG5267	0.18901
COG5268	0.044793
COG5271	0.003979
COG5272	0.007316
COG5273	0.000939
COG5274	0.025342
COG5275	0.007692
COG5276	0.154948
COG5277	0.004321
COG5278	0.038173
COG5279	0.143675
COG5280	0.03467
COG5281	0.096494
COG5282	0.110519
COG5283	0.111304
COG5285	0.291406
COG5290	0.010046
COG5291	1.1e-05
COG5293	0.035421
COG5294	0.019849
COG5295	0.076037
COG5296	0.001625
COG5297	0.149212
COG5298	0.021463
COG5301	0.064742
COG5302	0.052961
COG5304	0.081464
COG5305	0.145068
COG5306	0.021562
COG5307	0.00063
COG5308	3.3e-05
COG5309	0.04728
COG5310	0.063725
COG5314	0.059835
COG5316	0.175007
COG5317	0.06409
COG5319	0.172963
COG5321	0.089985
COG5322	0.040406
COG5323	0.079065
COG5324	0.000785
COG5328	0.096605
COG5329	0.004631
COG5330	0.077065
COG5331	0.072202
COG5333	4.4e-05
COG5336	0.213391
COG5337	0.133717
COG5338	0.128523
COG5339	0.0581
COG5340	0.341736
COG5341	0.180301
COG5342	0.145521
COG5343	0.194713
COG5345	0.073727
COG5346	0.012842
COG5347	0.000354
COG5349	0.127373
COG5350	0.044705
COG5351	0.024381
COG5352	0.120366
COG5353	0.038814
COG5354	0.002708
COG5360	0.197807
COG5361	0.12229
COG5362	0.075661
COG5368	0.05989
COG5371	0.004122
COG5373	0.246778
COG5375	0.109016
COG5377	0.066422
COG5378	0.017595
COG5379	0.058144
COG5380	0.056984
COG5381	0.007272
COG5383	0.079585
COG5384	0.000663
COG5385	0.099688
COG5386	0.011251
COG5387	0.105192
COG5388	0.079563
COG5389	0.123439
COG5391	7.7e-05
COG5393	0.066853
COG5394	0.201432
COG5395	0.100805
COG5397	0.043721
COG5398	0.051856
COG5399	0.00273
COG5400	0.071384
COG5401	0.256482
COG5402	0.040328
COG5403	0.077187
COG5404	0.027906
COG5405	0.439701
COG5406	3.3e-05
COG5407	0.000906
COG5409	1.1e-05
COG5410	0.029487
COG5411	0.000298
COG5412	0.037985
COG5413	0.006167
COG5414	0.004399
COG5416	0.221702
COG5417	0.006079
COG5418	0.018777
COG5419	0.026679
COG5420	0.016876
COG5421	0.137121
COG5422	8.8e-05
COG5423	0.057227
COG5424	0.158485
COG5425	0.059957
COG5426	0.188734
COG5427	0.068953
COG5428	0.063305
COG5429	0.113238
COG5430	0.046518
COG5431	0.010742
COG5433	0.113923
COG5434	0.337548
COG5435	0.021706
COG5436	0.040174
COG5437	0.058675
COG5438	0.141818
COG5439	0.006863
COG5440	0.007084
COG5441	0.076888
COG5442	0.067406
COG5443	0.069594
COG5444	0.031686
COG5445	0.008112
COG5446	0.082823
COG5447	0.098329
COG5448	0.069937
COG5449	0.067826
COG5450	0.135497
COG5451	0.03583
COG5452	0.08699
COG5453	0.036405
COG5454	0.103159
COG5455	0.076214
COG5456	0.102274
COG5457	0.082779
COG5458	0.095787
COG5459	0.074645
COG5460	0.069506
COG5461	0.061515
COG5462	0.087144
COG5463	0.040583
COG5464	0.162441
COG5465	0.133618
COG5466	0.024513
COG5467	0.096461
COG5468	0.106673
COG5469	0.052044
COG5470	0.253354
COG5471	0.024347
COG5472	0.034836
COG5473	0.17661
COG5474	0.003758
COG5475	0.015594
COG5476	0.120875
COG5477	0.065925
COG5478	0.065129
COG5479	0.087078
COG5480	0.042229
COG5481	0.145885
COG5482	0.058851
COG5483	0.155556
COG5484	0.016578
COG5485	0.197166
COG5486	0.070975
COG5487	0.103424
COG5488	0.126125
COG5489	0.044628
COG5490	0.121195
COG5491	0.013406
COG5492	0.325358
COG5493	0.014898
COG5494	0.002045
COG5495	0.191563
COG5496	0.15665
COG5497	0.025143
COG5498	0.024193
COG5499	0.094107
COG5500	0.06745
COG5501	0.119305
COG5502	0.064355
COG5503	0.033167
COG5504	0.048474
COG5505	0.074346
COG5506	0.027265
COG5507	0.145609
COG5508	0.100617
COG5509	0.061891
COG5510	0.064002
COG5511	0.082757
COG5512	0.232543
COG5513	0.087277
COG5514	0.038383
COG5515	0.057779
COG5516	0.121892
COG5517	0.153412
COG5518	0.007781
COG5519	0.074313
COG5520	0.112951
COG5521	0.029431
COG5522	0.078933
COG5523	0.159977
COG5524	0.055282
COG5525	0.079474
COG5526	0.004885
COG5527	0.063305
COG5528	0.064201
COG5529	0.025132
COG5530	0.027331
COG5531	0.077286
COG5532	0.014025
COG5533	0.008355
COG5534	0.05253
COG5535	1.1e-05
COG5536	3.3e-05
COG5537	1.1e-05
COG5539	0.000475
COG5541	0.0
COG5542	0.129385
COG5544	0.038814
COG5545	0.049269
COG5546	0.017838
COG5547	0.044152
COG5548	0.00725
COG5549	0.125351
COG5550	0.024469
COG5551	0.055978
COG5552	0.114984
COG5553	0.121217
COG5554	0.027342
COG5555	0.035974
COG5556	0.006963
COG5557	0.18218
COG5558	0.001337
COG5559	0.004697
COG5560	0.000829
COG5561	0.029288
COG5562	0.018545
COG5563	0.059194
COG5564	0.063504
COG5565	0.021098
COG5566	0.071042
COG5567	0.029851
COG5568	0.077607
COG5569	0.071583
COG5570	0.09561
COG5571	0.008344
COG5572	0.093665
COG5573	0.094394
COG5574	0.000707
COG5577	0.105557
COG5578	0.132391
COG5579	0.081165
COG5580	0.015583
COG5581	0.156296
COG5582	0.02217
COG5583	0.037698
COG5584	0.023264
COG5585	0.009273
COG5586	0.034935
COG5587	0.164011
COG5588	0.072644
COG5589	0.057426
COG5590	0.076258
COG5591	0.066798
COG5592	0.134878
COG5593	1.1e-05
COG5594	5.5e-05
COG5595	0.013903
COG5596	0.0
COG5597	0.013649
COG5598	0.093963
COG5599	0.007825
COG5600	1.1e-05
COG5601	2.2e-05
COG5602	0.023927
COG5604	0.002078
COG5605	0.030061
COG5606	0.108828
COG5607	0.173968
COG5608	0.061482
COG5609	0.034084
COG5610	0.042384
COG5611	0.09718
COG5612	0.028481
COG5613	0.004354
COG5614	0.089112
COG5615	0.092107
COG5616	0.067715
COG5617	0.138602
COG5618	0.026304
COG5619	0.00525
COG5620	0.033112
COG5621	0.160286
COG5622	0.104374
COG5623	0.012754
COG5624	0.007173
COG5625	0.011207
COG5626	0.044163
COG5627	1.1e-05
COG5628	0.053303
COG5631	0.040782
COG5632	0.113581
COG5633	0.035786
COG5634	0.017053
COG5635	0.14877
COG5636	1.1e-05
COG5637	0.120057
COG5638	4.4e-05
COG5639	0.032957
COG5640	0.124942
COG5641	0.003172
COG5642	0.122908
COG5643	0.001779
COG5644	0.003293
COG5645	0.023198
COG5646	0.194061
COG5647	0.000122
COG5648	0.000155
COG5649	0.118233
COG5650	0.123969
COG5651	0.02658
COG5652	0.374395
COG5653	0.199609
COG5654	0.119781
COG5655	0.009184
COG5657	0.000122
COG5658	0.136756
COG5659	0.069704
COG5660	0.184633
COG5661	0.02522
COG5662	0.358425
COG5663	0.054364
COG5664	0.011494
COG5665	1.1e-05
