COG_ID	input_prob	input_present	candidate	truth	known_fp	true_input	q_full_mean	q_full_sd	q_mask_neutral_mean	q_mask_neutral_sd	q_mask_absent_mean	q_mask_absent_sd	self_anchor_neutral	self_anchor_absent	residual_context	dropout_mean	dropout_consensus
COG0002	1	1	1	1	0	1	0.996783	0	0.992096	0	0.981099	0	0.00468773	0.0156848	3.01401	0.970541	1
COG0004	1	1	1	1	0	1	0.99481	0	0.98454	0	0.956801	0	0.0102697	0.0380093	2.48093	0.894052	0.96875
COG0009	1	1	1	1	0	1	0.986807	0	0.979388	0	0.968501	0	0.00741851	0.0183059	1.08398	0.977133	1
COG0031	1	1	1	1	0	1	0.999558	0	0.998847	0	0.997243	0	0.000710487	0.00231516	4.20574	0.991666	1
COG0039	1	1	1	1	0	1	0.996931	0	0.98892	0	0.965201	0	0.0080111	0.0317297	2.41236	0.963721	1
COG0045	1	1	1	1	0	1	0.99948	0	0.998558	0	0.996125	0	0.000922084	0.00335437	5.0019	0.984333	1
COG0055	1	1	1	1	0	1	0.993375	0	0.986608	0	0.97261	0	0.00676721	0.0207656	2.27235	0.970311	1
COG0068	1	1	1	1	0	1	0.980762	0	0.939437	0	0.846687	0	0.0413251	0.134075	2.84198	0.773569	0.875
COG0072	1	1	1	1	0	1	0.983459	0	0.985038	0	0.985724	0	-0.00157952	-0.0022651	1.23789	0.977241	1
COG0074	1	1	1	1	0	1	0.997844	0	0.993486	0	0.980676	0	0.0043577	0.017168	3.46543	0.973479	1
COG0081	1	1	1	1	0	1	0.97495	0	0.893153	0	0.677395	0	0.0817974	0.297555	-1.14723	0.935348	1
COG0098	1	1	1	1	0	1	0.986911	0	0.934073	0	0.425823	0	0.0528377	0.561088	-2.36108	0.95198	1
COG0112	1	1	1	1	0	1	0.988943	0	0.979872	0	0.96372	0	0.00907135	0.025223	1.26687	0.969453	1
COG0130	1	1	1	1	0	1	0.988019	0	0.984227	0	0.979825	0	0.00379252	0.00819373	1.62673	0.984077	1
COG0132	1	1	1	1	0	1	0.984912	0	0.935651	0	0.760107	0	0.0492616	0.224805	1.81326	0.646765	0.6875
COG0135	1	1	1	0	1	0	0.979866	0	0.935739	0	0.818745	0	0.0441267	0.161121	1.34059	0.902893	1
COG0143	1	1	1	0	1	0	0.980362	0	0.912975	0	0.701952	0	0.0673872	0.27841	0.486217	0.789951	0.875
COG0149	1	1	1	1	0	1	0.984356	0	0.979871	0	0.97461	0	0.00448471	0.0097456	1.26258	0.970542	1
COG0150	1	1	1	1	0	1	0.986831	0	0.973474	0	0.94164	0	0.013357	0.0451912	1.4216	0.958037	1
COG0154	1	1	1	0	1	0	0.999875	0	0.999626	0	0.998916	0	0.000249743	0.000959575	5.001	0.997099	1
COG0156	1	1	1	1	0	1	0.994357	0	0.982779	0	0.951767	0	0.0115778	0.0425897	2.66525	0.903845	0.96875
COG0162	1	1	1	1	0	1	0.966249	0	0.964935	0	0.96229	0	0.00131381	0.00395882	0.604034	0.961329	1
COG0169	1	1	1	1	0	1	0.994205	0	0.986363	0	0.969878	0	0.00784117	0.0243263	1.98827	0.976987	1
COG0195	1	1	1	1	0	1	0.97765	0	0.976331	0	0.975073	0	0.00131834	0.00257623	0.776372	0.970819	1
COG0204	1	1	1	1	0	1	0.998731	0	0.997379	0	0.995087	0	0.00135255	0.00364393	3.1139	0.993459	1
COG0217	1	1	1	1	0	1	0.99229	0	0.988598	0	0.981954	0	0.00369287	0.0103368	1.74294	0.979879	1
COG0235	1	1	1	1	0	1	0.991628	0	0.966066	0	0.878048	0	0.0255625	0.113581	1.39004	0.904408	1
COG0267	1	1	1	1	0	1	0.989575	0	0.969306	0	0.905602	0	0.0202687	0.0839727	1.05471	0.931917	1
COG0277	1	1	1	1	0	1	0.999985	0	0.999951	0	0.999852	0	3.39746e-05	0.000133157	8.24207	0.992129	1
COG0290	1	1	1	1	0	1	0.991364	0	0.98916	0	0.985663	0	0.00220394	0.00570005	2.12088	0.979231	1
COG0291	1	1	1	1	0	1	0.993931	0	0.985881	0	0.963433	0	0.00805086	0.0304988	1.71105	0.971307	1
COG0308	1	1	1	1	0	1	0.999449	0	0.99815	0	0.993497	0	0.00129831	0.00595152	4.71775	0.872974	0.84375
COG0313	1	1	1	1	0	1	0.99593	0	0.990938	0	0.980685	0	0.00499189	0.015245	2.18603	0.983945	1
COG0317	1	1	1	1	0	1	0.996616	0	0.992043	0	0.981928	0	0.00457311	0.0146881	2.08597	0.973194	1
COG0320	1	1	1	1	0	1	0.999054	0	0.997074	0	0.990866	0	0.00197983	0.00818765	4.31537	0.971334	1
COG0349	1	1	1	1	0	1	0.998206	0	0.992189	0	0.965755	0	0.00601721	0.032451	3.50678	0.891464	1
COG0362	1	1	1	1	0	1	0.950646	0	0.799392	0	0.441418	0	0.151254	0.509228	0.739239	0.538379	0.53125
COG0373	1	1	1	1	0	1	0.999037	0	0.997048	0	0.991422	0	0.00198895	0.00761557	4.74138	0.976936	1
COG0381	1	1	1	1	0	1	0.990819	0	0.966059	0	0.884807	0	0.0247594	0.106012	2.1135	0.844549	0.96875
COG0386	1	1	1	1	0	1	0.975727	0	0.862704	0	0.482277	0	0.113023	0.493449	0.20774	0.629559	0.625
COG0388	1	1	1	1	0	1	0.999117	0	0.996899	0	0.99003	0	0.00221854	0.00908673	3.76477	0.984014	1
COG0415	1	1	1	1	0	1	0.986327	0	0.936525	0	0.753778	0	0.0498022	0.232549	1.47168	0.720259	0.78125
COG0427	1	1	1	1	0	1	0.971471	0	0.882217	0	0.629236	0	0.0892541	0.342235	1.51172	0.669151	0.65625
COG0447	1	1	1	1	0	1	0.988224	0	0.936581	0	0.538755	0	0.0516428	0.449469	1.52099	0.672289	0.65625
COG0450	1	1	1	1	0	1	0.995293	0	0.979745	0	0.906991	0	0.0155482	0.0883023	2.23963	0.830371	0.90625
COG0455	1	1	1	0	1	0	0.999509	0	0.997762	0	0.990493	0	0.00174648	0.00901544	4.88057	0.786076	0.8125
COG0461	1	1	1	1	0	1	0.989541	0	0.979505	0	0.960375	0	0.0100367	0.0291661	1.62965	0.97324	1
COG0472	1	1	1	1	0	1	0.989848	0	0.988465	0	0.987364	0	0.00138253	0.00248325	1.41195	0.987517	1
COG0473	1	1	1	1	0	1	0.998259	0	0.995534	0	0.9888	0	0.00272465	0.00945926	3.24611	0.984415	1
COG0474	1	1	1	1	0	1	0.997708	0	0.99079	0	0.964445	0	0.00691772	0.0332627	2.71019	0.833351	0.90625
COG0494	1	1	1	1	0	1	0.99976	0	0.999306	0	0.998107	0	0.000453353	0.00165242	4.07193	0.996033	1
COG0495	1	1	1	1	0	1	0.977251	0	0.982869	0	0.987819	0	-0.00561744	-0.0105677	1.25261	0.963365	1
COG0503	1	1	1	1	0	1	0.993498	0	0.975506	0	0.920092	0	0.0179921	0.0734057	1.48832	0.919675	1
COG0522	1	1	1	1	0	1	0.99408	0	0.98806	0	0.967546	0	0.00601995	0.0265331	1.01442	0.975248	1
COG0539	1	1	1	1	0	1	0.995841	0	0.992612	0	0.986932	0	0.00322902	0.00890934	2.28134	0.98119	1
COG0545	1	1	1	1	0	1	0.997443	0	0.990456	0	0.963932	0	0.00698638	0.0335106	3.50183	0.782118	0.84375
COG0550	1	1	1	1	0	1	0.97491	0	0.976642	0	0.979639	0	-0.00173295	-0.00472963	0.719343	0.967713	1
COG0554	1	1	1	1	0	1	0.997586	0	0.990471	0	0.965574	0	0.00711507	0.0320123	2.7926	0.893672	1
COG0565	1	1	1	1	0	1	0.985456	0	0.934923	0	0.742605	0	0.0505326	0.242851	1.61766	0.651074	0.6875
COG0567	1	1	1	1	0	1	0.981278	0	0.910096	0	0.596189	0	0.071182	0.385089	0.934001	0.509531	0.46875
COG0581	1	1	1	1	0	1	0.997903	0	0.993176	0	0.976913	0	0.00472653	0.0209899	3.053	0.939237	1
COG0590	1	1	1	1	0	1	0.995698	0	0.989222	0	0.973451	0	0.00647593	0.022247	2.16004	0.961019	1
COG0595	1	1	1	0	1	0	0.992628	0	0.9799	0	0.944294	0	0.0127283	0.0483338	2.11486	0.88987	0.9375
COG0598	1	1	1	1	0	1	0.996362	0	0.985873	0	0.948501	0	0.0104889	0.047861	2.43842	0.857249	0.9375
COG0616	1	1	1	1	0	1	0.999279	0	0.996959	0	0.987929	0	0.00232077	0.0113501	4.2603	0.9006	0.9375
COG0620	1	1	1	1	0	1	0.994355	0	0.975539	0	0.899679	0	0.0188166	0.0946761	2.5156	0.803236	0.96875
COG0626	1	1	1	1	0	1	0.999911	0	0.999723	0	0.999202	0	0.000187695	0.000709474	6.63738	0.97508	1
COG0649	1	1	1	1	0	1	0.986569	0	0.972542	0	0.947638	0	0.0140267	0.0389303	2.83778	0.875579	0.90625
COG0657	1	1	1	1	0	1	0.994501	0	0.974948	0	0.898585	0	0.0195533	0.0959158	1.53673	0.864831	0.90625
COG0659	1	1	1	1	0	1	0.987273	0	0.947038	0	0.804731	0	0.0402346	0.182541	1.30896	0.876644	0.9375
COG0667	1	1	1	1	0	1	0.999393	0	0.997664	0	0.991414	0	0.00172931	0.00797927	3.97073	0.970883	1
COG0680	1	1	1	1	0	1	0.948265	0	0.867729	0	0.62994	0	0.0805361	0.318326	1.11273	0.760185	0.8125
COG0693	1	1	1	1	0	1	0.994205	0	0.976966	0	0.910883	0	0.0172393	0.083322	1.84882	0.889103	0.96875
COG0694	1	1	1	0	1	0	0.937843	0	0.737239	0	0.352764	0	0.200604	0.585078	-0.296399	0.704532	0.6875
COG0699	1	1	1	1	0	1	0.923444	0	0.674054	0	0.268512	0	0.24939	0.654932	-0.339341	0.522584	0.4375
COG0701	1	1	1	1	0	1	0.934325	0	0.764596	0	0.452792	0	0.169729	0.481532	0.439651	0.627003	0.5625
COG0704	1	1	1	1	0	1	0.995488	0	0.988777	0	0.971016	0	0.00671041	0.0244718	2.74662	0.942489	1
COG0705	1	1	1	1	0	1	0.99954	0	0.998566	0	0.995873	0	0.00097394	0.00366682	4.8261	0.967642	1
COG0707	1	1	1	1	0	1	0.996659	0	0.995372	0	0.993755	0	0.00128692	0.00290328	2.75041	0.98718	1
COG0721	1	1	1	0	1	0	0.985438	0	0.960659	0	0.88948	0	0.024779	0.0959583	0.926709	0.949775	1
COG0722	1	1	1	1	0	1	0.994316	0	0.971449	0	0.877942	0	0.0228668	0.116374	2.57317	0.680112	0.65625
COG0723	1	1	1	0	1	0	0.99254	0	0.969408	0	0.883952	0	0.0231318	0.108587	2.03107	0.856933	0.9375
COG0733	1	1	1	0	1	0	0.466702	0	0.142648	0	0.0296384	0	0.324054	0.437063	-2.78061	0.47726	0.59375
COG0744	1	1	1	1	0	1	0.999506	0	0.998423	0	0.995447	0	0.00108337	0.00405931	4.28389	0.987265	1
COG0748	1	1	1	0	1	0	0.975269	0	0.887518	0	0.612877	0	0.0877507	0.362391	1.63905	0.62556	0.65625
COG0749	1	1	1	0	1	0	0.987079	0	0.932255	0	0.691893	0	0.0548239	0.295186	1.9117	0.618568	0.5625
COG0752	1	1	1	1	0	1	0.973263	0	0.903621	0	0.590246	0	0.0696412	0.383016	0.698449	0.758979	0.8125
COG0763	1	1	1	1	0	1	0.997863	0	0.993147	0	0.978028	0	0.00471556	0.019835	4.06042	0.941937	0.96875
COG0768	1	1	1	1	0	1	0.999569	0	0.999473	0	0.999361	0	9.60231e-05	0.000208199	4.78993	0.998006	1
COG0778	1	1	1	1	0	1	0.989618	0	0.964819	0	0.880861	0	0.0247991	0.108757	0.277553	0.920727	1
COG0804	1	1	1	0	1	0	0.92933	0	0.731127	0	0.366716	0	0.198202	0.562614	0.749478	0.482662	0.4375
COG0809	1	1	1	1	0	1	0.992184	0	0.980112	0	0.954478	0	0.0120715	0.0377058	1.89666	0.947968	0.96875
COG0818	1	1	1	1	0	1	0.4946	0	0.17421	0	0.0366622	0	0.32039	0.457938	-2.63844	0.405629	0.40625
COG0832	1	1	1	0	1	0	0.560245	0	0.186333	0	0.0763594	0	0.373912	0.483886	-1.00283	0.331058	0.375
COG0860	1	1	1	1	0	1	0.996685	0	0.989048	0	0.967619	0	0.00763726	0.0290658	2.27909	0.971857	1
COG1007	1	1	1	1	0	1	0.995646	0	0.99065	0	0.979492	0	0.00499648	0.0161543	3.81487	0.917765	0.9375
COG1013	1	1	1	0	1	0	0.981525	0	0.927558	0	0.711846	0	0.0539667	0.269679	0.950526	0.819768	0.84375
COG1020	1	1	1	1	0	1	0.997508	0	0.988441	0	0.946026	0	0.00906682	0.0514816	3.19996	0.71666	0.75
COG1034	1	1	1	1	0	1	0.998649	0	0.995967	0	0.986777	0	0.00268191	0.0118716	4.59546	0.79321	0.84375
COG1052	1	1	1	1	0	1	0.976886	0	0.899056	0	0.664567	0	0.07783	0.312319	-0.151753	0.89409	0.9375
COG1054	1	1	1	1	0	1	0.0120636	0	0.00233844	0	0.000499129	0	0.00972515	0.0115645	-6.67091	0.141311	0.0625
COG1063	1	1	1	1	0	1	0.999659	0	0.998815	0	0.99627	0	0.000844121	0.00338966	4.80644	0.978738	1
COG1064	1	1	1	1	0	1	0.997065	0	0.988033	0	0.953375	0	0.00903153	0.0436893	3.45953	0.891926	1
COG1067	1	1	1	1	0	1	0.908396	0	0.651292	0	0.238257	0	0.257103	0.670139	0.321169	0.400094	0.40625
COG1075	1	1	1	0	1	0	0.998528	0	0.994194	0	0.978893	0	0.00433421	0.0196347	4.06853	0.866386	0.96875
COG1078	1	1	1	0	1	0	0.976502	0	0.891574	0	0.596009	0	0.0849283	0.380494	1.80122	0.644408	0.625
COG1085	1	1	1	1	0	1	0.951705	0	0.807519	0	0.434722	0	0.144185	0.516982	0.678561	0.737452	0.71875
COG1086	1	1	1	0	1	0	0.970742	0	0.886848	0	0.663602	0	0.0838934	0.30714	0.196536	0.874453	1
COG1113	1	1	1	1	0	1	0.738128	0	0.29179	0	0.0778156	0	0.446338	0.660312	-1.00379	0.51519	0.5625
COG1120	1	1	1	1	0	1	0.997987	0	0.992266	0	0.972218	0	0.00572163	0.0257698	3.27539	0.943249	1
COG1131	1	1	1	1	0	1	0.999921	0	0.999822	0	0.999617	0	9.84073e-05	0.000303149	5.1696	0.998058	1
COG1135	1	1	1	1	0	1	0.744143	0	0.329278	0	0.0992408	0	0.414865	0.644902	-1.70425	0.614332	0.625
COG1136	1	1	1	1	0	1	0.998514	0	0.997624	0	0.996154	0	0.00088954	0.00235939	2.60271	0.990859	1
COG1140	1	1	1	1	0	1	0.949642	0	0.840204	0	0.536052	0	0.109438	0.413589	1.91171	0.527351	0.53125
COG1141	1	1	1	0	1	0	0.987128	0	0.94535	0	0.744821	0	0.0417785	0.242307	1.98487	0.741559	0.75
COG1146	1	1	1	0	1	0	0.999012	0	0.996068	0	0.985504	0	0.00294369	0.0135079	3.72627	0.939189	1
COG1194	1	1	1	1	0	1	0.992132	0	0.96899	0	0.899016	0	0.0231419	0.0931156	1.56387	0.891406	1
COG1209	1	1	1	1	0	1	0.993355	0	0.982778	0	0.957162	0	0.0105769	0.0361926	2.49258	0.899523	1
COG1221	1	1	1	1	0	1	0.0148452	0	0.00513008	0	0.00191316	0	0.00971511	0.012932	-2.78346	0.0057232	0
COG1228	1	1	1	0	1	0	0.998426	0	0.993651	0	0.97599	0	0.00477499	0.0224366	3.55811	0.897346	0.9375
COG1254	1	1	1	1	0	1	0.995897	0	0.983109	0	0.9366	0	0.0127889	0.0592976	2.8935	0.918942	1
COG1263	1	1	1	1	0	1	0.571492	0	0.216404	0	0.0560882	0	0.355088	0.515404	-1.54263	0.384712	0.4375
COG1273	1	1	1	0	1	0	0.997641	0	0.990241	0	0.961708	0	0.00740016	0.0359324	4.19602	0.778942	0.8125
COG1285	1	1	1	1	0	1	0.947498	0	0.794349	0	0.496736	0	0.153149	0.450761	0.16112	0.706605	0.6875
COG1287	1	1	1	0	1	0	0.995653	0	0.979262	0	0.900179	0	0.0163902	0.0954739	3.21922	0.664285	0.625
COG1288	1	1	1	1	0	1	0.417885	0	0.121625	0	0.0259906	0	0.29626	0.391894	-1.82087	0.364329	0.4375
COG1292	1	1	1	1	0	1	0.107507	0	0.017718	0	0.00358078	0	0.0897888	0.103926	-4.40197	0.189307	0.125
COG1295	1	1	1	1	0	1	0.998017	0	0.992149	0	0.970511	0	0.00586849	0.0275066	2.97358	0.965322	1
COG1298	1	1	1	1	0	1	0.984361	0	0.948859	0	0.827752	0	0.0355017	0.156609	2.02518	0.696538	0.75
COG1305	1	1	1	0	1	0	0.99387	0	0.976878	0	0.911052	0	0.0169923	0.0828176	1.58898	0.876536	0.90625
COG1313	1	1	1	0	1	0	0.158123	0	0.0454035	0	0.0120181	0	0.11272	0.146105	-3.21593	0.147704	0.03125
COG1316	1	1	1	0	1	0	0.091938	0	0.023301	0	0.00533688	0	0.068637	0.0866011	-4.96706	0.374177	0.375
COG1317	1	1	1	1	0	1	0.988342	0	0.952869	0	0.828501	0	0.0354726	0.15984	2.18354	0.706182	0.75
COG1324	1	1	1	1	0	1	0.998129	0	0.991417	0	0.958304	0	0.00671232	0.0398253	4.08943	0.899584	0.96875
COG1334	1	1	1	0	1	0	0.0990276	0	0.0270546	0	0.00810039	0	0.071973	0.0909272	-3.1199	0.133375	0.03125
COG1335	1	1	1	1	0	1	0.998552	0	0.99492	0	0.983256	0	0.00363255	0.0152959	3.32656	0.941773	1
COG1352	1	1	1	1	0	1	0.997215	0	0.989456	0	0.963621	0	0.0077585	0.0335937	3.61841	0.878031	1
COG1366	1	1	1	0	1	0	0.991662	0	0.966336	0	0.866095	0	0.0253261	0.125567	1.46233	0.858414	0.90625
COG1377	1	1	1	1	0	1	0.990904	0	0.967604	0	0.888419	0	0.0233003	0.102486	2.50531	0.739474	0.78125
COG1384	1	1	1	0	1	0	0.506584	0	0.207025	0	0.0703105	0	0.299559	0.436274	-1.17936	0.1996	0.125
COG1386	1	1	1	0	1	0	0.995122	0	0.987236	0	0.968156	0	0.00788587	0.0269668	1.97814	0.974455	1
COG1388	1	1	1	1	0	1	0.992729	0	0.970997	0	0.897349	0	0.0217314	0.0953801	1.65021	0.813275	0.90625
COG1420	1	1	1	0	1	0	0.999284	0	0.998178	0	0.995218	0	0.0011059	0.00406611	4.5205	0.943587	0.96875
COG1423	1	1	1	1	0	1	0.22361	0	0.0942753	0	0.0405324	0	0.129335	0.183078	0.198261	0.0463006	0
COG1455	1	1	1	1	0	1	0.268519	0	0.0785034	0	0.0210828	0	0.190015	0.247436	-1.40869	0.165307	0.125
COG1477	1	1	1	1	0	1	0.97669	0	0.900819	0	0.689672	0	0.0758711	0.287018	0.567687	0.715812	0.65625
COG1490	1	1	1	1	0	1	0.995081	0	0.981986	0	0.936454	0	0.0130955	0.0586277	2.19214	0.899992	0.96875
COG1492	1	1	1	0	1	0	0.901104	0	0.662058	0	0.311813	0	0.239047	0.589291	-0.0525119	0.593376	0.59375
COG1495	1	1	1	1	0	1	0.153495	0	0.0389673	0	0.00987291	0	0.114528	0.143622	-3.93113	0.106058	0.03125
COG1501	1	1	1	1	0	1	0.697774	0	0.264192	0	0.0615717	0	0.433582	0.636202	-1.91533	0.341992	0.34375
COG1507	1	1	1	0	1	0	0.0524097	0	0.00910851	0	0.00231171	0	0.0433012	0.050098	-4.0261	0.0541902	0
COG1533	1	1	1	0	1	0	0.989826	0	0.960811	0	0.847167	0	0.0290147	0.142658	1.7355	0.667333	0.78125
COG1534	1	1	1	1	0	1	0.990505	0	0.940804	0	0.693556	0	0.0497005	0.296949	1.20993	0.543954	0.5
COG1539	1	1	1	1	0	1	0.936711	0	0.780996	0	0.45249	0	0.155715	0.484221	-0.231071	0.678237	0.65625
COG1541	1	1	1	0	1	0	0.989684	0	0.956441	0	0.821312	0	0.0332435	0.168373	1.61528	0.782911	0.8125
COG1550	1	1	1	0	1	0	0.997626	0	0.98715	0	0.941428	0	0.0104762	0.0561987	4.15959	0.663981	0.6875
COG1562	1	1	1	0	1	0	0.982286	0	0.90855	0	0.656525	0	0.073736	0.325761	1.043	0.813867	0.90625
COG1573	1	1	1	0	1	0	0.999711	0	0.998983	0	0.996755	0	0.00072813	0.00295597	4.6787	0.991823	1
COG1597	1	1	1	1	0	1	0.998794	0	0.995194	0	0.982195	0	0.00360042	0.0165988	3.47284	0.919463	1
COG1664	1	1	1	0	1	0	0.98903	0	0.953384	0	0.824267	0	0.0356462	0.164763	1.95227	0.799703	0.875
COG1666	1	1	1	1	0	1	0.991808	0	0.962264	0	0.849381	0	0.0295436	0.142427	2.29135	0.868626	0.9375
COG1674	1	1	1	0	1	0	0.99332	0	0.988575	0	0.980943	0	0.00474536	0.0123775	1.66329	0.971302	1
COG1677	1	1	1	1	0	1	0.972695	0	0.865916	0	0.511627	0	0.106778	0.461068	0.569751	0.689265	0.75
COG1682	1	1	1	0	1	0	0.989625	0	0.964629	0	0.895095	0	0.0249962	0.0945303	2.07648	0.80817	0.875
COG1691	1	1	1	0	1	0	0.996467	0	0.986129	0	0.937652	0	0.0103383	0.0588156	3.833	0.715856	0.71875
COG1719	1	1	1	0	1	0	0.910772	0	0.678522	0	0.327391	0	0.23225	0.583381	1.08818	0.357367	0.34375
COG1728	1	1	1	0	1	0	0.0116146	0	0.00259227	0	0.000629872	0	0.00902233	0.0109847	-4.84035	0.0260006	0
COG1744	1	1	1	0	1	0	0.98498	0	0.942805	0	0.768201	0	0.0421752	0.216779	1.39545	0.694033	0.75
COG1746	1	1	1	0	1	0	0.393785	0	0.164404	0	0.0570772	0	0.22938	0.336707	-0.458903	0.117309	0
COG1780	1	1	1	1	0	1	0.00370935	0	0.000665784	0	0.000117838	0	0.00304356	0.00359151	-6.6793	0.0461483	0.03125
COG1814	1	1	1	0	1	0	0.986235	0	0.930757	0	0.735111	0	0.0554783	0.251124	1.7476	0.773273	0.875
COG1839	1	1	1	0	1	0	0.522995	0	0.241651	0	0.0966374	0	0.281344	0.426357	0.578586	0.230986	0.15625
COG1869	1	1	1	1	0	1	0.069447	0	0.0162022	0	0.00459787	0	0.0532448	0.0648491	-3.13044	0.10957	0.0625
COG1879	1	1	1	1	0	1	0.936945	0	0.72181	0	0.261976	0	0.215135	0.674969	-0.839477	0.568205	0.53125
COG1899	1	1	1	0	1	0	0.997585	0	0.988374	0	0.944202	0	0.00921148	0.0533835	4.41023	0.788417	0.8125
COG1918	1	1	1	1	0	1	0.861834	0	0.531114	0	0.129577	0	0.33072	0.732256	-1.65487	0.603941	0.59375
COG1922	1	1	1	1	0	1	0.976444	0	0.884839	0	0.567004	0	0.0916054	0.40944	0.981926	0.695795	0.75
COG1925	1	1	1	1	0	1	0.999448	0	0.997594	0	0.990327	0	0.00185347	0.00912046	3.98089	0.887036	0.9375
COG1943	1	1	1	1	0	1	0.916207	0	0.705907	0	0.336987	0	0.2103	0.57922	-0.557871	0.610032	0.5625
COG1948	1	1	1	0	1	0	0.990213	0	0.95668	0	0.822334	0	0.0335328	0.167879	3.27696	0.458704	0.46875
COG1949	1	1	1	1	0	1	0.936698	0	0.684878	0	0.300957	0	0.25182	0.635741	0.0592926	0.246473	0.1875
COG1950	1	1	1	0	1	0	0.986676	0	0.941441	0	0.788875	0	0.0452346	0.197801	2.12808	0.910915	1
COG1982	1	1	1	1	0	1	0.2826	0	0.0779755	0	0.0170522	0	0.204625	0.265548	-3.33557	0.347393	0.3125
COG1984	1	1	1	1	0	1	0.99123	0	0.963374	0	0.867966	0	0.0278554	0.123264	2.82218	0.790318	0.84375
COG1988	1	1	1	1	0	1	0.959306	0	0.809242	0	0.463315	0	0.150064	0.495991	0.941877	0.733474	0.71875
COG1994	1	1	1	0	1	0	0.999896	0	0.999638	0	0.998836	0	0.000258565	0.00106001	6.0786	0.985522	1
COG2018	1	1	1	0	1	0	0.99914	0	0.996209	0	0.981281	0	0.00293034	0.017859	5.82493	0.720563	0.78125
COG2025	1	1	1	1	0	1	0.999032	0	0.99639	0	0.986821	0	0.00264132	0.0122111	3.89534	0.942004	0.96875
COG2038	1	1	1	1	0	1	0.901399	0	0.552085	0	0.194969	0	0.349313	0.70643	-0.814527	0.554461	0.53125
COG2068	1	1	1	1	0	1	0.993127	0	0.971785	0	0.893827	0	0.0213425	0.0993003	2.54258	0.811095	0.96875
COG2094	1	1	1	0	1	0	0.98961	0	0.953596	0	0.81189	0	0.036014	0.17772	2.2921	0.827287	0.875
COG2114	1	1	1	0	1	0	0.999462	0	0.997734	0	0.990563	0	0.00172782	0.00889874	4.89192	0.92532	1
COG2131	1	1	1	0	1	0	0.983813	0	0.936211	0	0.72971	0	0.0476024	0.254103	1.32693	0.727095	0.71875
COG2137	1	1	1	1	0	1	0.964636	0	0.871579	0	0.609375	0	0.0930572	0.355261	-0.27397	0.779974	0.84375
COG2149	1	1	1	1	0	1	0.677005	0	0.319231	0	0.103095	0	0.357774	0.57391	-0.177458	0.377461	0.40625
COG2152	1	1	1	0	1	0	0.617688	0	0.267838	0	0.0764925	0	0.34985	0.541195	-1.02774	0.42496	0.5
COG2154	1	1	1	0	1	0	0.999313	0	0.997031	0	0.987808	0	0.00228173	0.0115055	4.57865	0.920198	0.96875
COG2186	1	1	1	1	0	1	0.977518	0	0.908231	0	0.700558	0	0.0692875	0.27696	1.16717	0.639719	0.65625
COG2239	1	1	1	0	1	0	0.996931	0	0.986646	0	0.948222	0	0.0102844	0.0487089	2.25211	0.919607	1
COG2253	1	1	1	0	1	0	0.978727	0	0.896623	0	0.700266	0	0.0821041	0.278461	1.75788	0.675273	0.65625
COG2273	1	1	1	0	1	0	0.74445	0	0.370408	0	0.119216	0	0.374042	0.625234	-0.994227	0.324772	0.3125
COG2317	1	1	1	0	1	0	0.717886	0	0.315582	0	0.075665	0	0.402304	0.642221	-1.36729	0.296479	0.28125
COG2321	1	1	1	1	0	1	0.990846	0	0.950289	0	0.794676	0	0.0405571	0.19617	2.46321	0.670517	0.6875
COG2351	1	1	1	1	0	1	0.936617	0	0.814383	0	0.540857	0	0.122233	0.39576	1.45306	0.580173	0.59375
COG2355	1	1	1	0	1	0	0.987297	0	0.945945	0	0.796846	0	0.0413523	0.190451	1.57254	0.735178	0.78125
COG2360	1	1	1	1	0	1	0.991043	0	0.959481	0	0.824828	0	0.0315622	0.166215	2.13147	0.534102	0.46875
COG2365	1	1	1	0	1	0	0.934675	0	0.729093	0	0.367035	0	0.205583	0.56764	0.322877	0.51212	0.53125
COG2378	1	1	1	0	1	0	0.989306	0	0.963413	0	0.868949	0	0.025893	0.120357	1.52615	0.831531	0.84375
COG2433	1	1	1	1	0	1	0.900755	0	0.663527	0	0.303085	0	0.237228	0.59767	0.514145	0.474603	0.4375
COG2514	1	1	1	0	1	0	0.787204	0	0.355497	0	0.0757978	0	0.431707	0.711406	-0.772896	0.510634	0.46875
COG2710	1	1	1	0	1	0	0.659167	0	0.290168	0	0.099368	0	0.368999	0.559799	-0.165085	0.272549	0.1875
COG2723	1	1	1	1	0	1	0.99477	0	0.97703	0	0.89703	0	0.0177402	0.0977403	2.72558	0.73352	0.75
COG2755	1	1	1	1	0	1	0.998891	0	0.995876	0	0.985789	0	0.00301445	0.0131015	2.92685	0.965221	1
COG2759	1	1	1	0	1	0	0.958177	0	0.836478	0	0.425408	0	0.121699	0.532769	-0.256704	0.632079	0.625
COG2834	1	1	1	1	0	1	0.999188	0	0.996316	0	0.983644	0	0.00287229	0.015544	3.85582	0.840271	0.875
COG2860	1	1	1	1	0	1	0.789759	0	0.369479	0	0.115453	0	0.42028	0.674305	-1.41602	0.535293	0.53125
COG2866	1	1	1	1	0	1	0.988986	0	0.947092	0	0.782263	0	0.041894	0.206723	1.69939	0.711557	0.75
COG2893	1	1	1	1	0	1	0.99829	0	0.9937	0	0.977584	0	0.00459039	0.0207068	4.68342	0.734317	0.75
COG2895	1	1	1	1	0	1	0.715542	0	0.322364	0	0.103175	0	0.393178	0.612367	-0.838767	0.350141	0.40625
COG2897	1	1	1	1	0	1	0.996704	0	0.985485	0	0.941754	0	0.011219	0.054949	2.91651	0.892016	1
COG2916	1	1	1	1	0	1	0.096864	0	0.0412605	0	0.0184563	0	0.0556036	0.0784078	-1.85444	0.0133788	0
COG2926	1	1	1	1	0	1	7.80821e-06	0	2.68221e-07	0	0	0	7.53999e-06	7.80821e-06	-9.72781	3.18326e-06	0
COG2943	1	1	1	1	0	1	0.919291	0	0.808154	0	0.649204	0	0.111137	0.270087	2.76402	0.175914	0.15625
COG2959	1	1	1	1	0	1	0.0276207	0	0.00554797	0	0.0011808	0	0.0220727	0.0264399	-5.53999	0.0214619	0
COG2973	1	1	1	1	0	1	0.0378827	0	0.0162499	0	0.00768772	0	0.0216328	0.030195	-1.35526	0.0057055	0
COG2999	1	1	1	1	0	1	0.122238	0	0.0382708	0	0.0134561	0	0.0839668	0.108781	-0.234621	0.0135195	0
COG3011	1	1	1	0	1	0	0.996278	0	0.98192	0	0.922334	0	0.0143574	0.0739442	3.26174	0.784899	0.84375
COG3029	1	1	1	1	0	1	0.385566	0	0.219282	0	0.137209	0	0.166284	0.248357	1.55398	0.0879398	0
COG3040	1	1	1	1	0	1	0.675607	0	0.274433	0	0.0692869	0	0.401175	0.606321	-0.892924	0.357371	0.3125
COG3051	1	1	1	1	0	1	0.0200892	0	0.00669047	0	0.00237003	0	0.0133987	0.0177192	-3.16747	0.0495342	0.03125
COG3058	1	1	1	1	0	1	0.620842	0	0.324512	0	0.163412	0	0.29633	0.45743	0.927896	0.233235	0.125
COG3065	1	1	1	1	0	1	0.0563791	0	0.0198985	0	0.00889105	0	0.0364806	0.0474881	-1.67515	0.0582127	0.03125
COG3068	1	1	1	1	0	1	0.0065462	0	0.00311363	0	0.00153148	0	0.00343257	0.00501472	-3.05416	0.000885731	0
COG3069	1	1	1	1	0	1	0.0950849	0	0.0234724	0	0.00624064	0	0.0716125	0.0888443	-2.35497	0.0623961	0
COG3080	1	1	1	1	0	1	0.41866	0	0.228538	0	0.142356	0	0.190122	0.276303	1.59226	0.104378	0
COG3092	1	1	1	1	0	1	1.51992e-05	0	2.98023e-08	0	0	0	1.51694e-05	1.51992e-05	-10.1131	4.51598e-06	0
COG3107	1	1	1	1	0	1	0.345722	0	0.171663	0	0.0888866	0	0.174059	0.256835	-0.462536	0.0245475	0
COG3113	1	1	1	1	0	1	0.0140788	0	0.00741637	0	0.00435045	0	0.00666246	0.00972837	-3.46753	0.00504272	0
COG3122	1	1	1	1	0	1	0.0237933	0	0.00910184	0	0.00384778	0	0.0146915	0.0199455	-3.02351	0.00296176	0
COG3128	1	1	1	1	0	1	0.898165	0	0.662352	0	0.348354	0	0.235813	0.549811	1.06329	0.210891	0.15625
COG3136	1	1	1	1	0	1	0.00492674	0	0.00156477	0	0.000494182	0	0.00336197	0.00443256	-3.61312	0.000696173	0
COG3145	1	1	1	1	0	1	0.995229	0	0.974175	0	0.863684	0	0.0210542	0.131545	3.00897	0.644752	0.625
COG3150	1	1	1	1	0	1	0.000686824	0	0.000292033	0	0.000118464	0	0.000394791	0.00056836	-6.94812	0.00144447	0
COG3166	1	1	1	1	0	1	0.995413	0	0.982009	0	0.937665	0	0.0134039	0.0577475	3.76025	0.814943	0.90625
COG3185	1	1	1	0	1	0	0.991525	0	0.958441	0	0.80882	0	0.033084	0.182705	2.28785	0.747092	0.75
COG3191	1	1	1	0	1	0	0.994291	0	0.976688	0	0.917212	0	0.0176035	0.0770797	3.23743	0.817213	0.8125
COG3221	1	1	1	1	0	1	0.985437	0	0.934412	0	0.772692	0	0.0510246	0.212745	1.97944	0.478761	0.34375
COG3226	1	1	1	1	0	1	0.851034	0	0.601192	0	0.285799	0	0.249843	0.565235	1.27	0.161991	0.09375
COG3242	1	1	1	1	0	1	0.00202113	0	0.000701338	0	0.000287175	0	0.0013198	0.00173396	-6.39338	0.00700214	0
COG3246	1	1	1	0	1	0	0.989253	0	0.953085	0	0.812654	0	0.0361679	0.176598	2.62219	0.488444	0.46875
COG3257	1	1	1	1	0	1	0.115057	0	0.0348019	0	0.0116579	0	0.080255	0.103399	-1.98068	0.11172	0.03125
COG3260	1	1	1	1	0	1	0.395441	0	0.0992243	0	0.0294988	0	0.296217	0.365942	-1.64853	0.344016	0.34375
COG3265	1	1	1	1	0	1	0.924344	0	0.659984	0	0.285204	0	0.26436	0.63914	0.459465	0.415584	0.3125
COG3278	1	1	1	0	1	0	0.935848	0	0.798657	0	0.542237	0	0.137191	0.393611	1.22969	0.698033	0.71875
COG3279	1	1	1	1	0	1	0.977927	0	0.902979	0	0.6428	0	0.0749483	0.335127	0.567027	0.771711	0.8125
COG3280	1	1	1	0	1	0	0.992832	0	0.973535	0	0.893891	0	0.0192977	0.0989414	3.94461	0.697205	0.75
COG3297	1	1	1	1	0	1	0.00320876	0	0.00112051	0	0.000448138	0	0.00208825	0.00276062	-5.6272	0.00144604	0
COG3301	1	1	1	1	0	1	0.94021	0	0.762979	0	0.431988	0	0.177231	0.508222	2.31801	0.506057	0.5
COG3346	1	1	1	0	1	0	0.592462	0	0.204048	0	0.0519851	0	0.388414	0.540477	-2.18345	0.245281	0.21875
COG3387	1	1	1	1	0	1	0.994205	0	0.969296	0	0.860132	0	0.0249092	0.134073	2.46209	0.821241	0.9375
COG3449	1	1	1	1	0	1	0.537771	0	0.206111	0	0.0549805	0	0.33166	0.482791	-0.904947	0.252735	0.21875
COG3453	1	1	1	0	1	0	0.60964	0	0.365537	0	0.178327	0	0.244103	0.431313	0.356498	0.210034	0.125
COG3476	1	1	1	0	1	0	0.797511	0	0.446102	0	0.140366	0	0.351409	0.657145	-0.749657	0.444482	0.46875
COG3492	1	1	1	0	1	0	0.0555164	0	0.0169027	0	0.00622424	0	0.0386137	0.0492921	-3.22672	0.00590698	0
COG3494	1	1	1	0	1	0	0.977432	0	0.915037	0	0.712742	0	0.0623944	0.26469	2.28789	0.664193	0.6875
COG3500	1	1	1	1	0	1	0.889855	0	0.729792	0	0.46791	0	0.160063	0.421945	1.98166	0.260125	0.1875
COG3501	1	1	1	1	0	1	0.976826	0	0.912151	0	0.704576	0	0.0646751	0.27225	2.38051	0.477956	0.5
COG3514	1	1	1	1	0	1	0.501954	0	0.194133	0	0.0647224	0	0.307821	0.437232	-0.881316	0.229961	0.1875
COG3534	1	1	1	0	1	0	0.604971	0	0.231614	0	0.0633039	0	0.373357	0.541667	-1.36667	0.374583	0.4375
COG3560	1	1	1	0	1	0	0.00318751	0	0.000959873	0	0.000294805	0	0.00222763	0.0028927	-5.18629	0.0134146	0
COG3605	1	1	1	1	0	1	0.872944	0	0.700583	0	0.41831	0	0.172361	0.454634	1.05302	0.333807	0.28125
COG3609	1	1	1	0	1	0	0.617871	0	0.256474	0	0.0687657	0	0.361397	0.549106	-1.09157	0.375792	0.40625
COG3610	1	1	1	1	0	1	0.0329791	0	0.00534058	0	0.000925332	0	0.0276385	0.0320537	-5.02968	0.0603059	0.03125
COG3616	1	1	1	1	0	1	0.974829	0	0.892842	0	0.571569	0	0.0819868	0.40326	1.19116	0.710219	0.78125
COG3631	1	1	1	0	1	0	0.996972	0	0.988326	0	0.954154	0	0.00864655	0.0428177	3.51134	0.818753	0.875
COG3654	1	1	1	0	1	0	0.90259	0	0.658162	0	0.305799	0	0.244429	0.596791	0.128303	0.685814	0.625
COG3663	1	1	1	1	0	1	0.80776	0	0.468294	0	0.164404	0	0.339466	0.643356	-0.799402	0.510751	0.53125
COG3665	1	1	1	0	1	0	0.639912	0	0.299295	0	0.108276	0	0.340616	0.531635	-0.250157	0.273247	0.25
COG3673	1	1	1	1	0	1	0.565148	0	0.316462	0	0.150554	0	0.248686	0.414594	0.574419	0.189893	0.0625
COG3679	1	1	1	0	1	0	0.0183498	0	0.00258395	0	0.00045082	0	0.0157658	0.017899	-5.91943	0.119158	0.09375
COG3713	1	1	1	1	0	1	0.153905	0	0.069083	0	0.0316032	0	0.0848218	0.122302	-1.61693	0.0583626	0
COG3715	1	1	1	1	0	1	0.961906	0	0.876615	0	0.698695	0	0.0852912	0.263211	3.20267	0.515907	0.59375
COG3725	1	1	1	1	0	1	7.00951e-05	0	3.27826e-07	0	0	0	6.97672e-05	7.00951e-05	-10.9462	3.57507e-05	0
COG3730	1	1	1	1	0	1	0.00258818	0	0.000876963	0	0.000370204	0	0.00171122	0.00221798	-4.22701	0.0214765	0.03125
COG3732	1	1	1	1	0	1	0.00411028	0	0.00126079	0	0.000467688	0	0.00284949	0.00364259	-4.05109	0.0243587	0.03125
COG3749	1	1	1	0	1	0	0.0712223	0	0.024849	0	0.00969937	0	0.0463733	0.061523	-2.9764	0.00818226	0
COG3756	1	1	1	1	0	1	0.0985406	0	0.0431356	0	0.0188509	0	0.0554049	0.0796897	-0.283585	0.017094	0
COG3758	1	1	1	1	0	1	0.630047	0	0.25793	0	0.100954	0	0.372118	0.529093	-0.133307	0.196362	0.125
COG3759	1	1	1	0	1	0	0.889144	0	0.598194	0	0.210775	0	0.29095	0.678369	0.759356	0.272471	0.25
COG3765	1	1	1	1	0	1	0.124489	0	0.0396809	0	0.0127723	0	0.0848078	0.111716	-1.31883	0.0465248	0
COG3771	1	1	1	1	0	1	1.3411e-06	0	0	0	0	0	1.3411e-06	1.3411e-06	-9.96588	5.86733e-07	0
COG3773	1	1	1	0	1	0	0.216531	0	0.062941	0	0.0146161	0	0.15359	0.201915	-3.01051	0.0761183	0
COG3775	1	1	1	1	0	1	0.00321129	0	0.000907153	0	0.000286192	0	0.00230414	0.0029251	-4.96067	0.0272669	0.03125
COG3787	1	1	1	1	0	1	0.0727786	0	0.0204857	0	0.00633937	0	0.0522929	0.0664392	-1.65878	0.0322336	0
COG3794	1	1	1	0	1	0	0.999085	0	0.995629	0	0.979704	0	0.00345522	0.0193807	4.74068	0.866144	0.9375
COG3831	1	1	1	1	0	1	0.465105	0	0.206463	0	0.0733721	0	0.258641	0.391733	-0.184073	0.11261	0.03125
COG3895	1	1	1	1	0	1	0.277125	0	0.138448	0	0.065889	0	0.138677	0.211236	0.202375	0.0664797	0
COG3903	1	1	1	0	1	0	0.640459	0	0.318811	0	0.112462	0	0.321648	0.527997	0.541182	0.126254	0.09375
COG3904	1	1	1	0	1	0	0.0820564	0	0.0376669	0	0.0172964	0	0.0443895	0.06476	-1.49108	0.0141358	0
COG3906	1	1	1	0	1	0	0.00909653	0	0.00198522	0	0.000413865	0	0.00711131	0.00868267	-5.9436	0.0189738	0
COG3917	1	1	1	0	1	0	0.974566	0	0.842174	0	0.356084	0	0.132392	0.618482	0.699614	0.313809	0.28125
COG3943	1	1	1	1	0	1	0.433992	0	0.141254	0	0.032423	0	0.292739	0.401569	-1.6751	0.262255	0.1875
COG3958	1	1	1	0	1	0	0.848262	0	0.564081	0	0.265076	0	0.284182	0.583186	-0.552093	0.551669	0.5
COG4102	1	1	1	0	1	0	0.980159	0	0.908633	0	0.673407	0	0.0715262	0.306752	1.96265	0.637781	0.6875
COG4146	1	1	1	1	0	1	0.0198834	0	0.00381908	0	0.000845939	0	0.0160643	0.0190375	-4.72326	0.130461	0.09375
COG4150	1	1	1	1	0	1	0.00187093	0	5.50449e-05	0	1.49012e-06	0	0.00181589	0.00186944	-9.79834	0.000340157	0
COG4194	1	1	1	0	1	0	0.733773	0	0.385623	0	0.12271	0	0.348149	0.611063	0.647987	0.416934	0.5
COG4206	1	1	1	1	0	1	0.999383	0	0.996892	0	0.983089	0	0.0024907	0.0162935	4.71116	0.857448	0.90625
COG4222	1	1	1	0	1	0	0.730468	0	0.360824	0	0.110612	0	0.369644	0.619855	-0.36196	0.415947	0.40625
COG4223	1	1	1	0	1	0	0.919732	0	0.69971	0	0.318362	0	0.220022	0.60137	0.538169	0.330943	0.3125
COG4229	1	1	1	0	1	0	0.66941	0	0.37046	0	0.198771	0	0.298949	0.470639	1.35381	0.216454	0.125
COG4238	1	1	1	1	0	1	0.0226366	0	0.0098837	0	0.00493059	0	0.0127529	0.017706	-1.82995	0.00934975	0
COG4274	1	1	1	0	1	0	0.574812	0	0.302284	0	0.0924398	0	0.272528	0.482372	-0.132776	0.329916	0.25
COG4296	1	1	1	1	0	1	0.00323901	0	0.00116318	0	0.000454515	0	0.00207582	0.00278449	-3.37873	0.00219293	0
COG4334	1	1	1	0	1	0	0.305627	0	0.14906	0	0.0759344	0	0.156567	0.229693	1.157	0.0719715	0
COG4336	1	1	1	0	1	0	0.618963	0	0.290074	0	0.108424	0	0.328889	0.510539	0.0189355	0.230919	0.1875
COG4447	1	1	1	0	1	0	0.998116	0	0.991273	0	0.959944	0	0.00684249	0.0381715	3.8303	0.887987	0.96875
COG4448	1	1	1	0	1	0	0.96244	0	0.790742	0	0.392532	0	0.171697	0.569907	1.0572	0.58881	0.5625
COG4553	1	1	1	0	1	0	0.435071	0	0.322516	0	0.241914	0	0.112555	0.193157	0.667621	0.0386516	0
COG4577	1	1	1	1	0	1	0.680379	0	0.314416	0	0.0906231	0	0.365963	0.589756	-0.351095	0.391376	0.34375
COG4587	1	1	1	0	1	0	0.992869	0	0.967376	0	0.859737	0	0.0254933	0.133132	3.43112	0.461617	0.5
COG4589	1	1	1	1	0	1	0.991183	0	0.962484	0	0.860225	0	0.0286984	0.130958	1.93395	0.912404	1
COG4643	1	1	1	0	1	0	0.835876	0	0.57653	0	0.284672	0	0.259346	0.551204	0.927753	0.416069	0.46875
COG4666	1	1	1	0	1	0	0.283422	0	0.0733176	0	0.0145896	0	0.210105	0.268833	-2.86034	0.315186	0.28125
COG4670	1	1	1	1	0	1	0.624241	0	0.304426	0	0.120068	0	0.319815	0.504173	-0.0621255	0.298263	0.1875
COG4678	1	1	1	1	0	1	0.126338	0	0.053486	0	0.0225323	0	0.0728517	0.103805	-0.54031	0.0369685	0
COG4695	1	1	1	1	0	1	0.155093	0	0.0344256	0	0.00799227	0	0.120668	0.147101	-3.37644	0.137185	0.09375
COG4765	1	1	1	0	1	0	0.0184007	0	0.00736743	0	0.00333288	0	0.0110333	0.0150678	-3.74297	0.0129861	0
COG4770	1	1	1	0	1	0	0.999567	0	0.998147	0	0.992218	0	0.0014199	0.0073489	4.66163	0.89682	0.96875
COG4773	1	1	1	1	0	1	0.911961	0	0.628441	0	0.235196	0	0.28352	0.676765	0.179444	0.591261	0.59375
COG4786	1	1	1	1	0	1	0.999354	0	0.996785	0	0.982622	0	0.00256932	0.0167319	4.5296	0.85106	0.875
COG4794	1	1	1	1	0	1	0.0232091	0	0.00760248	0	0.00265259	0	0.0156066	0.0205565	-2.56362	0.004614	0
COG4798	1	1	1	0	1	0	0.881284	0	0.677334	0	0.39443	0	0.20395	0.486854	1.49307	0.3728	0.375
COG4856	1	1	1	0	1	0	0.725802	0	0.381815	0	0.0968357	0	0.343987	0.628966	-1.36283	0.517395	0.5625
COG4864	1	1	1	0	1	0	0.167381	0	0.0491332	0	0.0118051	0	0.118248	0.155576	-2.46299	0.213077	0.125
COG4900	1	1	1	0	1	0	0.927471	0	0.767635	0	0.588616	0	0.159836	0.338855	4.1644	0.128754	0.09375
COG4907	1	1	1	0	1	0	0.54766	0	0.273877	0	0.0473945	0	0.273783	0.500265	-1.66815	0.498303	0.5625
COG4922	1	1	1	0	1	0	0.682018	0	0.368485	0	0.150816	0	0.313533	0.531202	0.538869	0.243806	0.09375
COG4947	1	1	1	0	1	0	0.888349	0	0.633272	0	0.299849	0	0.255077	0.588501	1.76541	0.420481	0.40625
COG4948	1	1	1	1	0	1	0.997625	0	0.99128	0	0.970136	0	0.00634563	0.0274895	3.34551	0.94052	1
COG4953	1	1	1	1	0	1	0.949057	0	0.744342	0	0.371234	0	0.204715	0.577823	1.06608	0.420415	0.46875
COG4968	1	1	1	0	1	0	0.988655	0	0.956046	0	0.855911	0	0.0326086	0.132744	2.54901	0.719087	0.8125
COG4973	1	1	1	1	0	1	0.359601	0	0.225726	0	0.134147	0	0.133874	0.225454	-0.433717	0.0539107	0
COG4974	1	1	1	1	0	1	0.998401	0	0.997598	0	0.996587	0	0.000803411	0.00181383	3.01819	0.993832	1
COG4976	1	1	1	0	1	0	0.847355	0	0.520639	0	0.190005	0	0.326716	0.65735	-0.109918	0.430989	0.5
COG4986	1	1	1	0	1	0	0.909929	0	0.686432	0	0.377279	0	0.223498	0.53265	2.10625	0.422528	0.375
COG5000	1	1	1	0	1	0	0.999598	0	0.998508	0	0.994768	0	0.00108999	0.00483042	5.39191	0.884067	0.90625
COG5013	1	1	1	1	0	1	0.704623	0	0.416244	0	0.150974	0	0.288379	0.553648	0.192838	0.393218	0.40625
COG5094	1	1	1	1	0	1	0.0723645	0	0.0309374	0	0.0155568	0	0.0414271	0.0568077	-0.622712	0.0206411	0
COG5336	1	1	1	0	1	0	0.901539	0	0.643616	0	0.312957	0	0.257923	0.588581	0.518275	0.587288	0.59375
COG5341	1	1	1	0	1	0	0.0171577	0	0.00384971	0	0.000831097	0	0.013308	0.0163266	-5.57762	0.0313619	0
COG5352	1	1	1	0	1	0	0.0107489	0	0.00166902	0	0.000260979	0	0.0090799	0.0104879	-6.26184	0.00182521	0
COG5373	1	1	1	0	1	0	0.987801	0	0.945181	0	0.810513	0	0.0426204	0.177288	2.56922	0.64627	0.5625
COG5470	1	1	1	0	1	0	0.942419	0	0.791082	0	0.48764	0	0.151338	0.454779	1.03135	0.453119	0.46875
COG5471	1	1	1	1	0	1	0.0187372	0	0.00973165	0	0.00554407	0	0.00900552	0.0131931	-1.49877	0.00616958	0
COG5488	1	1	1	0	1	0	0.000403613	0	5.54323e-06	0	5.96046e-08	0	0.00039807	0.000403553	-11.8798	0.000127983	0
COG5495	1	1	1	0	1	0	0.687246	0	0.32147	0	0.109322	0	0.365776	0.577924	-0.657797	0.450428	0.4375
COG5499	1	1	1	1	0	1	0.195302	0	0.0615374	0	0.0157664	0	0.133765	0.179536	-1.86949	0.127759	0.03125
COG5506	1	1	1	0	1	0	0.00251603	0	0.000667602	0	0.000195503	0	0.00184843	0.00232053	-4.96523	0.00118468	0
COG5517	1	1	1	1	0	1	0.91722	0	0.720922	0	0.422588	0	0.196298	0.494632	1.39593	0.329212	0.25
COG5567	1	1	1	1	0	1	0.0208499	0	0.00563869	0	0.00214285	0	0.0152112	0.018707	-2.66224	0.00361956	0
COG5583	1	1	1	0	1	0	0.219788	0	0.105027	0	0.0510032	0	0.114761	0.168785	0.316205	0.0290382	0
COG5633	1	1	1	1	0	1	0.00504181	0	0.001986	0	0.000856131	0	0.00305581	0.00418568	-3.76847	0.00385726	0
