COG	Node_GCA-000006805.1_AP024487.1_0
COG2768_01	0.3
COG1144_01	0.02
COG0864_01	0.02
COG0546_01	0.02
COG3432_01	0.04
COG1216_01	0.01
COG0491_01	0.01
COG1695_01	0.01
COG2002_01	0.02
COG4641_01	0.75
COG0455_01	0.02
COG1361_01	0.04
COG3398_01	0.1
COG0644_01	0.61
COG1215_01	0.06
COG1708_01	0.05
COG4152_01	0.85
COG2512_01	0.06
COG2129_01	0.05
COG3393_01	0.06
COG0640_01	0.07
COG1014_01	0.06
COG0492_01	0.02
COG0535_01	0.48
COG1848_01	0.01
COG1846_01	0.01
COG0433_01	0.01
COG1545_01	0.26
COG0456_01	0.05
COG0675_01	0.04
COG1470_01	0.14
COG4106_01	0.04
COG1254_01	0.04
COG0468_01	0.12
COG1287_01	0.04
COG0382_01	0.79
COG1719_01	0.08
COG1594_01	0.01
COG1145_01	0.19
COG0199_01	0.01
COG0501_01	0.82
COG0526_01	0.03
COG2048_01	0.11
COG1088_01	0.06
COG1572_01	0.08
COG2036_01	0.16
COG1977_01	0.31
COG2007_01	0.1
COG4976_01	0.03
COG1136_01	0.03
COG2092_01	0.2
COG1246_01	0.02
COG2140_01	0.14
COG1676_01	0.03
COG0596_01	0.02
COG0407_01	0.03
COG1520_01	0.13
COG1405_01	0.06
COG1149_01	0.04
COG0522_01	0.01
COG1011_01	0.01
COG0624_01	0.02
COG1277_01	0.19
COG3914_01	0.03
COG1305_01	0.05
COG1094_01	0.14
COG2443_01	0.13
COG1955_01	0.06
COG1371_01	0.06
COG1180_01	0.01
COG1588_01	0.02
COG0436_01	0.8
COG1793_01	0.12
COG2012_01	0.2
COG1056_01	0.02
COG0425_01	0.07
COG2520_01	0.37
COG4627_01	0.14
COG1727_01	0.01
COG1418_01	0.01
COG0697_01	0.01
COG2097_01	0.05
COG1514_01	0.11
COG0778_01	0.16
COG1467_01	0.01
COG0731_01	0.9
COG0470_01	0.02
COG0184_01	0.01
COG1601_01	0.21
COG1400_01	0.01
COG0142_01	1.0
COG0608_01	0.63
COG1579_01	0.01
COG1236_01	0.11
COG0714_01	0.04
COG1581_01	0.05
COG0727_01	0.01
COG4974_01	0.01
COG2053_01	0.05
COG1730_01	0.05
COG3903_01	0.02
COG1909_01	0.14
COG0747_01	0.06
COG0361_01	0.01
COG1383_01	0.17
COG2004_01	0.1
COG2101_01	0.19
COG0080_01	0.01
COG0094_01	0.96
COG2167_01	0.01
COG0451_01	0.04
COG0622_01	0.02
COG1150_01	0.04
COG1266_01	0.54
COG1373_01	0.01
COG4555_01	0.07
COG1208_01	0.09
COG0119_01	0.05
COG1358_01	0.48
COG0619_01	0.01
COG1522_01	0.01
COG1997_01	0.44
COG0096_01	0.02
COG0198_01	0.03
COG3614_01	0.01
COG0250_01	0.93
COG0020_01	0.28
COG0444_01	0.01
COG5305_01	0.02
COG0097_01	0.23
COG1122_01	0.04
COG0024_01	0.35
COG0476_01	0.1
COG0636_01	0.1
COG2125_01	0.75
COG2127_01	0.06
COG0049_01	0.61
COG0459_01	0.21
COG3127_01	0.03
COG2250_01	0.13
COG0087_01	0.24
COG0432_01	0.01
COG1758_01	0.01
COG0707_01	0.05
COG2078_01	0.02
COG1761_01	0.28
COG2890_01	0.29
COG1412_01	0.11
COG1644_01	0.28
COG1899_01	0.13
COG1087_01	0.06
COG4109_01	0.13
COG0202_01	0.07
COG1867_01	0.13
COG0563_01	0.08
COG0037_01	0.01
COG0081_01	0.92
COG0127_01	0.05
COG1918_01	0.25
COG3269_01	0.23
COG0822_01	0.01
COG1841_01	0.35
COG1487_01	0.26
COG0051_01	0.43
COG0048_01	0.01
COG0195_01	0.08
COG3695_01	0.01
COG0613_01	0.03
COG2118_01	0.14
COG0164_01	0.03
COG2147_01	0.06
COG0720_01	0.1
COG0231_01	0.47
COG1931_01	0.33
COG1591_01	0.01
COG0420_01	0.03
COG1439_01	0.29
COG1628_01	0.08
COG1499_01	0.01
COG0531_01	0.01
COG1146_01	0.05
COG1476_01	0.01
COG4257_01	0.01
COG2405_01	0.05
COG0552_01	0.17
COG0099_01	0.14
COG1324_01	0.02
COG2042_01	0.01
COG1632_01	0.18
COG0149_01	0.02
COG0052_01	0.01
COG0256_01	0.28
COG0111_01	0.04
COG0719_01	0.25
COG3277_01	0.09
COG0388_01	0.03
COG0681_01	0.02
COG0498_01	0.16
COG0030_01	0.86
COG1293_01	0.27
COG0437_01	0.41
COG0130_01	0.12
COG0614_01	0.07
COG1498_01	0.02
COG2510_01	0.21
COG0017_01	0.22
COG0315_01	0.03
COG0023_01	0.26
COG1139_01	0.01
COG1890_01	0.81
COG1097_01	0.02
COG0148_01	0.21
COG1781_01	0.77
COG1889_01	0.12
COG0093_01	0.05
COG1694_01	0.01
COG3371_01	0.04
COG3837_01	0.03
COG1631_01	0.01
COG2034_01	0.1
COG0428_01	0.07
COG1386_01	0.06
COG1382_01	0.04
COG0417_01	0.01
COG2932_01	0.04
COG1961_01	0.01
COG0312_01	0.02
COG2872_01	0.02
COG0367_01	0.02
COG1078_01	0.01
COG1082_01	0.13
COG0098_01	0.35
COG2020_01	0.02
COG4372_01	0.03
COG0461_01	0.26
COG1608_01	0.02
COG0520_01	0.26
COG2450_01	0.01
COG1250_01	0.01
COG1436_01	0.01
COG1814_01	0.01
COG0091_01	0.17
COG5617_01	0.04
COG1985_01	0.01
COG0680_01	0.01
COG0012_01	0.9
COG1422_01	0.23
COG2139_01	0.25
COG1199_01	0.7
COG0309_01	0.22
COG0430_01	0.01
COG2016_01	0.01
COG1340_01	0.06
COG1339_01	0.06
COG1054_01	0.01
COG0560_01	0.07
COG1120_01	0.26
COG1142_01	0.13
COG1736_01	0.04
COG1896_01	0.02
COG2077_01	0.01
COG0215_01	0.01
COG1201_01	0.43
COG1111_01	0.18
COG0575_01	0.57
COG1249_01	0.02
COG0528_01	0.02
COG1437_01	0.01
COG0663_01	0.01
COG0483_01	0.23
COG2238_01	0.33
COG2120_01	0.01
COG0006_01	0.02
COG1931_02	0.05
COG1355_01	0.01
COG1342_01	0.11
COG0343_01	0.45
COG2888_01	0.01
COG0104_01	0.01
COG1093_01	0.27
COG1245_01	0.84
COG0527_01	0.05
COG2047_01	0.85
COG0558_01	0.03
COG0621_01	0.03
COG0123_01	0.04
COG2518_01	0.12
COG1343_01	0.01
COG0574_01	0.04
COG0139_01	0.04
COG5012_01	0.2
COG2404_01	0.02
COG1533_01	0.1
COG3425_01	0.28
COG0090_01	0.22
COG0716_01	0.03
COG0533_01	0.97
COG1606_01	0.43
COG5752_01	0.01
COG1992_01	0.02
COG1311_01	0.39
COG1690_01	0.26
COG0072_01	0.18
COG1537_01	0.04
COG0500_01	0.02
COG0329_01	0.01
COG0120_01	0.03
COG1394_01	0.01
COG1945_01	0.08
COG3839_01	0.01
COG2814_01	0.3
COG1617_01	0.04
COG0358_01	0.91
COG1095_01	0.97
COG1668_01	0.01
COG0286_01	0.01
COG4586_01	0.01
COG0371_01	0.01
COG0609_01	0.2
COG1184_01	0.23
COG0063_01	0.03
COG4753_01	0.01
COG0163_01	0.53
COG0598_01	0.01
COG1304_01	0.45
COG1888_01	0.02
COG0112_01	0.27
COG1819_01	0.01
COG0092_01	0.74
COG1681_01	0.04
COG0330_01	0.3
COG1786_01	0.53
COG0667_01	0.01
COG2896_01	0.01
COG0095_01	0.02
COG1012_01	0.01
COG0750_01	0.07
COG5434_01	0.04
COG0662_01	0.17
COG0085_01	0.11
COG1247_01	0.02
COG0693_01	0.23
COG3593_01	0.01
COG1084_01	0.04
COG3261_01	0.02
COG0726_01	0.34
COG1602_01	0.13
COG0053_01	0.58
COG1838_01	0.04
COG2835_01	0.02
COG1392_01	0.04
COG1605_01	0.02
COG0426_01	0.19
COG0592_01	0.84
COG1746_01	0.85
COG1243_01	0.6
COG0423_01	0.04
COG1782_01	0.81
COG0540_01	0.55
COG0525_01	0.58
COG0018_01	0.24
COG0651_01	0.23
COG0499_01	0.68
COG1241_01	0.14
COG1916_01	0.09
COG0504_01	0.93
COG1192_01	0.01
COG0167_01	0.01
COG1207_01	0.7
COG1976_01	0.06
COG0293_01	0.05
COG1478_01	0.12
COG0452_01	0.38
COG3389_01	0.03
COG1901_01	0.01
COG0180_01	0.57
COG0107_01	0.74
COG0794_01	0.24
COG0472_01	0.03
COG4123_01	0.11
COG1155_01	0.37
COG1637_01	0.11
COG0078_01	0.04
COG2445_01	0.03
COG1156_01	0.01
COG0005_01	0.06
COG1669_01	0.06
COG1658_01	0.68
COG1765_01	0.02
COG0110_01	0.02
COG4635_01	0.01
COG0074_01	0.24
COG1004_01	0.01
COG2511_01	0.08
COG0136_01	0.51
COG1351_01	0.01
COG0656_01	0.01
COG2095_01	0.17
COG2019_01	0.01
COG0075_01	0.07
COG1553_01	0.02
COG1123_01	0.05
COG2191_01	0.01
COG0118_01	0.14
COG1893_01	0.06
COG3379_01	0.01
COG0521_01	0.03
COG0016_01	0.01
COG1941_01	0.13
COG0013_01	0.37
COG0144_01	0.39
COG0620_01	0.05
COG1650_01	0.21
COG1204_01	0.24
COG0396_01	0.05
COG1052_01	0.01
COG0057_01	0.58
COG0565_01	0.33
COG3260_01	0.32
COG0034_01	0.03
COG0135_01	0.05
COG1116_01	0.01
COG1244_01	0.01
COG1798_01	0.02
COG3353_01	0.02
COG0306_01	0.17
COG1510_01	0.26
COG2086_01	0.01
COG3503_01	0.01
COG0008_01	0.63
COG0295_01	0.01
COG0031_01	0.01
COG0480_01	0.58
COG1363_01	0.38
COG0449_01	0.43
COG1750_01	0.15
COG0419_01	0.06
COG0442_01	0.03
COG1526_01	0.12
COG0174_01	0.01
COG0505_01	0.06
COG3842_01	0.01
COG0152_01	0.09
COG1611_01	0.01
COG2248_01	0.32
COG1855_01	0.52
COG1641_01	0.65
COG0226_01	0.02
COG1251_01	0.13
COG0101_01	0.02
COG1577_01	0.32
COG0151_01	0.09
COG0838_01	0.01
COG1685_01	0.38
COG0616_01	0.1
COG1446_01	0.03
COG0530_01	0.11
COG1920_01	0.02
COG0054_01	0.04
COG5256_01	0.96
COG2150_01	0.07
COG0015_01	0.01
COG2106_01	0.17
COG2110_01	0.02
COG2108_01	0.06
COG0270_01	0.06
COG0213_01	0.17
COG1836_01	0.41
COG0141_01	0.09
COG2813_01	0.02
COG0047_01	0.01
COG0561_01	0.24
COG0115_01	0.2
COG0182_01	0.06
COG0746_01	0.03
COG4068_01	0.02
COG0124_01	0.06
COG2807_01	0.01
COG2403_01	0.01
COG0045_01	0.15
COG0029_01	0.02
COG1252_01	0.04
COG5340_01	0.02
COG4001_01	0.05
COG1709_01	0.89
COG1117_01	0.09
COG5257_01	0.02
COG0475_01	0.14
COG0179_01	0.01
COG1518_01	0.02
COG0133_01	0.04
COG0392_01	0.3
COG2237_01	0.96
COG0379_01	0.02
COG0548_01	0.18
COG2457_01	0.04
COG4717_01	0.09
COG2425_01	0.02
COG0122_01	0.01
COG0715_01	0.06
COG0460_01	0.02
COG0001_01	0.03
COG0076_01	0.2
COG1506_01	0.01
COG1143_01	0.06
COG0732_01	0.03
COG0381_01	0.04
COG0519_01	0.61
COG2085_01	0.03
COG1374_01	0.01
COG1691_01	0.12
COG0214_01	0.01
COG1183_01	0.21
COG1756_01	0.07
COG2216_01	0.01
COG0346_01	0.01
COG2033_01	0.01
COG1712_01	0.11
COG0168_01	0.08
COG1933_01	0.94
COG3199_01	0.44
COG1907_01	0.03
COG0060_01	0.65
COG5270_01	0.09
COG2361_01	0.02
COG1832_01	0.01
COG4083_01	0.02
COG0241_01	0.01
COG0422_01	0.01
COG0496_01	0.04
COG2516_01	0.04
COG0019_01	0.01
COG1108_01	0.12
COG1665_01	0.18
COG0043_01	0.57
COG4634_01	0.01
COG1003_01	0.02
COG1679_01	0.59
COG0311_01	0.21
COG1260_01	0.02
COG0207_01	0.01
COG0395_01	0.01
COG1043_01	0.07
COG0551_01	0.08
COG1657_01	0.01
COG0310_01	0.01
COG0143_01	0.15
COG0368_01	0.04
COG0002_01	0.02
COG1055_01	0.02
COG1817_01	0.05
COG1384_01	0.02
COG0805_01	0.24
COG0573_01	0.1
COG2083_01	0.02
COG1924_01	0.01
COG0007_01	0.01
COG5378_01	0.01
COG3894_01	0.01
COG1900_01	0.01
COG0342_01	0.01
COG4880_01	0.01
COG2109_01	0.05
COG1379_01	0.04
COG0377_01	0.02
COG1964_01	0.12
COG0083_01	0.01
COG0281_01	0.01
COG2043_01	0.02
COG2212_01	0.01
COG1489_01	0.01
COG0684_01	0.01
COG3263_01	0.01
COG1751_01	0.08
COG2874_01	0.01
COG1313_01	0.05
COG0495_01	0.01
COG0039_01	0.01
COG0137_01	0.04
COG0725_01	0.08
COG0516_01	0.14
COG2509_01	0.02
COG1071_01	0.01
COG1488_01	0.01
COG0434_01	0.01
COG1951_01	0.13
COG4177_01	0.01
COG2454_01	0.09
COG1529_01	0.01
COG1465_01	0.72
COG0068_01	0.22
COG0600_01	0.13
COG2100_01	0.09
COG1167_01	0.02
COG1320_01	0.01
COG2262_01	0.08
COG2152_01	0.01
COG1409_01	0.04
COG2013_01	0.08
COG1962_01	0.13
COG1808_01	0.1
COG0069_01	0.06
COG4089_01	0.01
COG4050_01	0.01
COG1497_01	0.01
COG1280_01	0.01
COG1203_01	0.05
COG1688_01	0.27
COG0549_01	0.01
COG2014_01	0.05
COG1318_01	0.02
COG3356_01	0.01
COG0145_01	0.07
COG0038_01	0.14
COG3808_01	0.12
COG1031_01	0.01
COG2232_01	0.03
COG0082_01	0.14
COG0569_01	0.03
COG0370_01	0.03
COG2429_01	0.01
COG0269_01	0.02
COG5748_01	0.01
COG2407_01	0.01
COG1112_01	0.01
COG0765_01	0.05
COG1682_01	0.04
COG1152_01	0.01
COG0643_01	0.05
COG0555_01	0.16
COG1411_01	0.02
COG2122_01	0.08
COG2189_01	0.01
COG1048_01	0.02
COG2469_01	0.04
COG1624_01	0.02
COG1857_01	0.02
COG1202_01	0.01
COG0471_01	0.05
COG2069_01	0.03
COG5013_01	0.13
COG4801_01	0.01
COG4739_01	0.01
COG1810_01	0.01
COG2144_01	0.38
COG3540_01	0.04
COG0702_01	0.01
COG0798_01	0.02
COG1106_01	0.01
COG1973_01	0.01
COG1859_01	0.01
COG1348_01	0.01
COG0672_01	0.01
COG2024_01	0.01
COG0175_01	0.01
COG2074_01	0.01
COG1894_01	0.01
COG4143_01	0.01
COG1229_01	0.04
COG5418_01	0.01
COG2441_01	0.01
COG0447_01	0.01
COG1852_01	0.06
COG1126_01	0.05
COG1151_01	0.02
COG0172_02	0.03
COG1906_01	0.03
COG1030_01	0.17
COG0502_01	0.03
COG3367_01	0.01
COG1171_01	0.02
COG1915_01	0.01
COG3252_01	0.01
COG4887_01	0.01
COG4521_01	0.01
COG1297_01	0.13
COG2848_01	0.16
COG2055_01	0.05
COG1866_01	0.03
