COG	LACA
COG0001_01	0.100000
COG0002_01	0.035000
COG0005_01	0.160000
COG0006_01	0.030000
COG0007_01	0.005000
COG0008_01	0.360000
COG0012_01	0.925000
COG0013_01	0.285000
COG0015_01	0.005000
COG0016_01	0.025000
COG0017_01	0.320000
COG0018_01	0.220000
COG0019_01	0.015000
COG0020_01	0.445000
COG0023_01	0.300000
COG0024_01	0.545000
COG0029_01	0.015000
COG0030_01	0.825000
COG0031_01	0.005000
COG0034_01	0.030000
COG0037_01	0.045000
COG0038_01	0.135000
COG0039_01	0.005000
COG0043_01	0.495000
COG0044_01	0.280000
COG0045_01	0.150000
COG0047_01	0.080000
COG0048_01	0.005000
COG0049_01	0.750000
COG0051_01	0.335000
COG0052_01	0.035000
COG0053_01	0.630000
COG0054_01	0.050000
COG0057_01	0.485000
COG0060_01	0.715000
COG0061_01	0.015000
COG0063_01	0.025000
COG0067_01	0.005000
COG0068_01	0.505000
COG0069_01	0.050000
COG0072_01	0.155000
COG0074_01	0.260000
COG0075_01	0.275000
COG0076_01	0.485000
COG0077_01	0.005000
COG0078_01	0.025000
COG0080_01	0.005000
COG0081_01	0.620000
COG0082_01	0.285000
COG0083_01	0.075000
COG0085_01	0.060000
COG0087_01	0.300000
COG0088_01	0.005000
COG0090_01	0.185000
COG0091_01	0.285000
COG0092_01	0.690000
COG0093_01	0.235000
COG0094_01	0.920000
COG0095_01	0.025000
COG0096_01	0.015000
COG0097_01	0.475000
COG0098_01	0.655000
COG0099_01	0.180000
COG0101_01	0.010000
COG0103_01	0.005000
COG0104_01	0.015000
COG0107_01	0.775000
COG0110_01	0.015000
COG0111_01	0.055000
COG0112_01	0.290000
COG0115_01	0.210000
COG0118_01	0.105000
COG0119_01	0.065000
COG0120_01	0.055000
COG0122_01	0.020000
COG0123_01	0.035000
COG0124_01	0.095000
COG0126_01	0.030000
COG0127_01	0.175000
COG0129_01	0.010000
COG0130_01	0.080000
COG0133_01	0.210000
COG0135_01	0.050000
COG0136_01	0.720000
COG0137_01	0.085000
COG0139_01	0.185000
COG0141_01	0.050000
COG0142_01	0.790000
COG0143_01	0.155000
COG0144_01	0.390000
COG0145_01	0.045000
COG0147_01	0.025000
COG0148_01	0.320000
COG0149_01	0.025000
COG0150_01	0.010000
COG0151_01	0.335000
COG0152_01	0.045000
COG0159_01	0.015000
COG0160_01	0.005000
COG0162_01	0.005000
COG0163_01	0.705000
COG0164_01	0.040000
COG0167_01	0.080000
COG0168_01	0.085000
COG0169_01	0.005000
COG0170_01	0.005000
COG0172_02	0.065000
COG0174_01	0.065000
COG0175_01	0.010000
COG0179_01	0.005000
COG0180_01	0.760000
COG0181_01	0.025000
COG0182_01	0.095000
COG0184_01	0.030000
COG0185_01	0.010000
COG0189_01	0.005000
COG0190_01	0.005000
COG0195_01	0.140000
COG0198_01	0.090000
COG0199_01	0.010000
COG0202_01	0.040000
COG0207_01	0.005000
COG0213_01	0.480000
COG0214_01	0.005000
COG0215_01	0.010000
COG0221_01	0.015000
COG0226_01	0.025000
COG0231_01	0.515000
COG0239_01	0.015000
COG0241_01	0.005000
COG0250_01	0.765000
COG0255_01	0.145000
COG0256_01	0.240000
COG0269_01	0.045000
COG0270_01	0.040000
COG0281_01	0.015000
COG0286_01	0.005000
COG0293_01	0.450000
COG0295_01	0.005000
COG0301_01	0.015000
COG0306_01	0.225000
COG0308_01	0.005000
COG0309_01	0.220000
COG0310_01	0.005000
COG0311_01	0.230000
COG0312_01	0.015000
COG0315_01	0.045000
COG0329_01	0.010000
COG0330_01	0.220000
COG0342_01	0.005000
COG0343_01	0.660000
COG0345_01	0.005000
COG0346_01	0.005000
COG0358_01	0.880000
COG0361_01	0.010000
COG0365_01	0.005000
COG0367_01	0.020000
COG0368_01	0.060000
COG0370_01	0.055000
COG0371_01	0.010000
COG0375_01	0.015000
COG0377_01	0.010000
COG0378_01	0.005000
COG0379_01	0.110000
COG0381_01	0.035000
COG0382_01	0.750000
COG0388_01	0.015000
COG0391_01	0.005000
COG0392_01	0.200000
COG0395_01	0.005000
COG0396_01	0.050000
COG0399_01	0.005000
COG0407_01	0.060000
COG0417_01	0.005000
COG0419_01	0.030000
COG0420_01	0.020000
COG0422_01	0.020000
COG0423_01	0.090000
COG0425_01	0.080000
COG0426_01	0.175000
COG0428_01	0.095000
COG0430_01	0.030000
COG0432_01	0.010000
COG0433_01	0.005000
COG0434_01	0.005000
COG0436_01	0.620000
COG0437_01	0.380000
COG0441_01	0.015000
COG0442_01	0.175000
COG0444_01	0.010000
COG0447_01	0.010000
COG0449_01	0.520000
COG0451_01	0.035000
COG0452_01	0.190000
COG0455_01	0.020000
COG0456_01	0.035000
COG0459_01	0.120000
COG0460_01	0.035000
COG0461_01	0.305000
COG0468_01	0.060000
COG0469_01	0.005000
COG0470_01	0.010000
COG0471_01	0.075000
COG0472_01	0.045000
COG0473_01	0.005000
COG0475_01	0.195000
COG0476_01	0.080000
COG0478_01	0.005000
COG0480_01	0.765000
COG0483_01	0.265000
COG0486_01	0.005000
COG0491_01	0.005000
COG0492_01	0.020000
COG0495_01	0.010000
COG0496_01	0.045000
COG0498_01	0.195000
COG0499_01	0.660000
COG0500_01	0.015000
COG0501_01	0.430000
COG0502_01	0.030000
COG0504_01	0.835000
COG0505_01	0.050000
COG0506_02	0.005000
COG0516_01	0.075000
COG0519_01	0.405000
COG0520_01	0.260000
COG0521_01	0.035000
COG0522_01	0.050000
COG0525_01	0.505000
COG0526_01	0.035000
COG0527_01	0.045000
COG0528_01	0.030000
COG0530_01	0.085000
COG0531_01	0.005000
COG0532_01	0.190000
COG0533_01	0.975000
COG0535_01	0.520000
COG0537_01	0.005000
COG0540_01	0.685000
COG0541_01	0.020000
COG0546_01	0.015000
COG0548_01	0.265000
COG0549_01	0.015000
COG0551_01	0.080000
COG0552_01	0.155000
COG0555_01	0.195000
COG0558_01	0.015000
COG0560_01	0.085000
COG0561_01	0.250000
COG0563_01	0.120000
COG0565_01	0.365000
COG0569_01	0.065000
COG0573_01	0.055000
COG0574_01	0.065000
COG0575_01	0.695000
COG0577_01	0.005000
COG0581_01	0.005000
COG0584_01	0.005000
COG0592_01	0.850000
COG0595_01	0.015000
COG0596_01	0.020000
COG0598_01	0.020000
COG0600_01	0.150000
COG0601_01	0.005000
COG0602_01	0.010000
COG0608_01	0.670000
COG0609_01	0.315000
COG0611_01	0.005000
COG0613_01	0.060000
COG0614_01	0.045000
COG0616_01	0.190000
COG0619_01	0.025000
COG0620_01	0.080000
COG0621_01	0.360000
COG0622_01	0.020000
COG0623_01	0.010000
COG0624_01	0.010000
COG0630_01	0.010000
COG0636_01	0.070000
COG0640_01	0.055000
COG0643_01	0.085000
COG0644_01	0.385000
COG0648_01	0.005000
COG0651_01	0.125000
COG0656_01	0.005000
COG0662_01	0.110000
COG0663_01	0.210000
COG0665_01	0.010000
COG0667_01	0.005000
COG0668_01	0.005000
COG0672_01	0.010000
COG0675_01	0.045000
COG0678_01	0.015000
COG0680_01	0.010000
COG0681_01	0.020000
COG0684_01	0.015000
COG0688_01	0.005000
COG0693_01	0.195000
COG0697_01	0.005000
COG0701_01	0.030000
COG0702_01	0.005000
COG0704_01	0.005000
COG0707_01	0.035000
COG0714_01	0.020000
COG0715_01	0.060000
COG0716_01	0.015000
COG0717_01	0.015000
COG0719_01	0.225000
COG0720_01	0.160000
COG0725_01	0.110000
COG0726_01	0.195000
COG0727_01	0.005000
COG0730_01	0.010000
COG0731_01	0.865000
COG0732_01	0.015000
COG0746_01	0.065000
COG0747_01	0.115000
COG0750_01	0.045000
COG0765_01	0.025000
COG0778_01	0.120000
COG0794_01	0.275000
COG0798_01	0.035000
COG0805_01	0.125000
COG0822_01	0.010000
COG0838_01	0.005000
COG0846_01	0.005000
COG0856_01	0.005000
COG0864_01	0.020000
COG1001_01	0.005000
COG1003_01	0.010000
COG1004_01	0.050000
COG1005_01	0.005000
COG1011_01	0.010000
COG1012_01	0.005000
COG1014_01	0.040000
COG1030_01	0.260000
COG1031_01	0.015000
COG1036_01	0.005000
COG1042_01	0.005000
COG1043_01	0.065000
COG1048_01	0.015000
COG1052_01	0.015000
COG1054_01	0.005000
COG1055_01	0.020000
COG1056_01	0.130000
COG1071_01	0.005000
COG1078_01	0.015000
COG1082_01	0.135000
COG1084_01	0.205000
COG1087_01	0.040000
COG1088_01	0.075000
COG1093_01	0.405000
COG1094_01	0.390000
COG1095_01	0.885000
COG1096_01	0.020000
COG1097_01	0.040000
COG1104_01	0.005000
COG1106_01	0.005000
COG1108_01	0.130000
COG1109_01	0.100000
COG1111_01	0.580000
COG1112_01	0.010000
COG1116_01	0.005000
COG1117_01	0.085000
COG1120_01	0.365000
COG1122_01	0.025000
COG1123_01	0.035000
COG1126_01	0.025000
COG1136_01	0.020000
COG1139_01	0.005000
COG1142_01	0.160000
COG1143_01	0.045000
COG1144_01	0.035000
COG1145_01	0.180000
COG1146_01	0.045000
COG1149_01	0.025000
COG1150_01	0.065000
COG1151_01	0.030000
COG1152_01	0.010000
COG1155_01	0.265000
COG1156_01	0.165000
COG1159_01	0.010000
COG1167_01	0.065000
COG1171_01	0.015000
COG1180_01	0.010000
COG1183_01	0.185000
COG1184_01	0.145000
COG1192_01	0.010000
COG1194_01	0.005000
COG1199_01	0.555000
COG1201_01	0.600000
COG1202_01	0.010000
COG1203_01	0.035000
COG1204_01	0.190000
COG1207_01	0.710000
COG1208_01	0.050000
COG1215_01	0.060000
COG1216_01	0.005000
COG1222_01	0.005000
COG1224_01	0.005000
COG1229_01	0.025000
COG1233_01	0.005000
COG1236_01	0.295000
COG1241_01	0.565000
COG1243_01	0.640000
COG1244_01	0.035000
COG1245_01	0.910000
COG1246_01	0.060000
COG1247_01	0.025000
COG1249_01	0.030000
COG1250_01	0.015000
COG1251_01	0.110000
COG1252_01	0.040000
COG1254_01	0.025000
COG1255_01	0.005000
COG1257_02	0.020000
COG1258_01	0.005000
COG1260_01	0.015000
COG1266_01	0.305000
COG1269_01	0.010000
COG1270_01	0.005000
COG1277_01	0.475000
COG1280_01	0.005000
COG1287_01	0.025000
COG1293_01	0.290000
COG1297_01	0.095000
COG1300_01	0.005000
COG1304_01	0.635000
COG1305_01	0.035000
COG1308_01	0.010000
COG1311_01	0.285000
COG1313_01	0.030000
COG1318_01	0.020000
COG1320_01	0.015000
COG1324_01	0.030000
COG1328_01	0.005000
COG1337_01	0.010000
COG1339_01	0.090000
COG1340_01	0.080000
COG1342_01	0.120000
COG1343_01	0.005000
COG1348_01	0.010000
COG1351_01	0.005000
COG1355_01	0.020000
COG1358_01	0.370000
COG1361_01	0.070000
COG1363_01	0.265000
COG1371_01	0.180000
COG1373_01	0.005000
COG1374_01	0.015000
COG1379_01	0.190000
COG1382_01	0.025000
COG1383_01	0.240000
COG1384_01	0.150000
COG1386_01	0.365000
COG1389_01	0.020000
COG1390_01	0.005000
COG1392_01	0.025000
COG1394_01	0.020000
COG1395_01	0.130000
COG1400_01	0.005000
COG1401_01	0.005000
COG1405_01	0.070000
COG1409_01	0.040000
COG1411_01	0.025000
COG1412_01	0.085000
COG1415_01	0.010000
COG1418_01	0.005000
COG1422_01	0.510000
COG1436_01	0.090000
COG1437_01	0.015000
COG1439_01	0.435000
COG1446_01	0.020000
COG1454_01	0.010000
COG1457_01	0.010000
COG1460_01	0.010000
COG1465_01	0.575000
COG1467_01	0.005000
COG1470_01	0.245000
COG1476_01	0.005000
COG1478_01	0.145000
COG1487_01	0.160000
COG1488_01	0.010000
COG1489_01	0.005000
COG1491_01	0.005000
COG1492_01	0.005000
COG1497_01	0.005000
COG1498_01	0.055000
COG1499_01	0.035000
COG1500_01	0.005000
COG1506_01	0.005000
COG1510_01	0.235000
COG1514_01	0.150000
COG1518_01	0.020000
COG1520_01	0.170000
COG1522_01	0.005000
COG1525_01	0.005000
COG1526_01	0.105000
COG1529_01	0.005000
COG1533_01	0.070000
COG1537_01	0.095000
COG1545_01	0.265000
COG1549_01	0.435000
COG1553_01	0.010000
COG1563_01	0.005000
COG1571_01	0.005000
COG1572_01	0.050000
COG1573_01	0.020000
COG1577_01	0.295000
COG1579_01	0.005000
COG1581_01	0.030000
COG1585_01	0.010000
COG1588_01	0.010000
COG1591_01	0.015000
COG1592_01	0.005000
COG1594_01	0.005000
COG1598_01	0.005000
COG1599_01	0.005000
COG1601_01	0.160000
COG1602_01	0.155000
COG1604_01	0.010000
COG1605_01	0.030000
COG1606_01	0.415000
COG1608_01	0.020000
COG1611_01	0.005000
COG1617_01	0.030000
COG1624_01	0.215000
COG1628_01	0.055000
COG1631_01	0.005000
COG1632_01	0.120000
COG1635_01	0.040000
COG1637_01	0.105000
COG1641_01	0.425000
COG1644_01	0.300000
COG1645_01	0.010000
COG1650_01	0.160000
COG1657_01	0.005000
COG1658_01	0.705000
COG1665_01	0.130000
COG1668_01	0.005000
COG1669_01	0.040000
COG1675_01	0.015000
COG1676_01	0.020000
COG1679_01	0.725000
COG1681_01	0.070000
COG1682_01	0.020000
COG1685_01	0.505000
COG1688_01	0.180000
COG1690_01	0.340000
COG1691_01	0.110000
COG1694_01	0.010000
COG1695_01	0.010000
COG1701_01	0.025000
COG1708_01	0.035000
COG1709_01	0.915000
COG1712_01	0.100000
COG1717_01	0.005000
COG1719_01	0.130000
COG1721_01	0.005000
COG1727_01	0.005000
COG1730_01	0.075000
COG1736_01	0.055000
COG1746_01	0.760000
COG1750_01	0.110000
COG1751_01	0.045000
COG1756_01	0.075000
COG1758_01	0.060000
COG1761_01	0.325000
COG1765_01	0.015000
COG1779_01	0.035000
COG1781_01	0.540000
COG1782_01	0.820000
COG1786_01	0.605000
COG1793_01	0.150000
COG1797_01	0.040000
COG1798_01	0.185000
COG1808_01	0.150000
COG1810_01	0.010000
COG1814_01	0.010000
COG1817_01	0.080000
COG1819_01	0.015000
COG1822_01	0.015000
COG1829_01	0.010000
COG1831_01	0.005000
COG1832_01	0.020000
COG1836_01	0.380000
COG1838_01	0.125000
COG1841_01	0.280000
COG1846_01	0.005000
COG1848_01	0.015000
COG1850_01	0.005000
COG1852_01	0.280000
COG1853_01	0.005000
COG1855_01	0.635000
COG1857_01	0.020000
COG1859_01	0.005000
COG1866_01	0.020000
COG1867_01	0.105000
COG1872_01	0.005000
COG1888_01	0.025000
COG1889_01	0.215000
COG1890_01	0.675000
COG1893_01	0.050000
COG1894_01	0.005000
COG1896_01	0.010000
COG1898_01	0.005000
COG1899_01	0.100000
COG1900_01	0.015000
COG1901_01	0.020000
COG1906_01	0.030000
COG1907_01	0.025000
COG1909_01	0.330000
COG1915_01	0.020000
COG1916_01	0.260000
COG1918_01	0.155000
COG1920_01	0.075000
COG1924_01	0.105000
COG1931_01	0.465000
COG1931_02	0.055000
COG1933_01	0.900000
COG1941_01	0.115000
COG1945_01	0.075000
COG1948_01	0.005000
COG1951_01	0.195000
COG1955_01	0.110000
COG1956_01	0.005000
COG1961_01	0.005000
COG1962_01	0.085000
COG1964_01	0.350000
COG1973_01	0.005000
COG1976_01	0.095000
COG1977_01	0.285000
COG1985_01	0.315000
COG1986_01	0.010000
COG1992_01	0.025000
COG1996_01	0.005000
COG1997_01	0.515000
COG2002_01	0.020000
COG2004_01	0.065000
COG2007_01	0.385000
COG2012_01	0.185000
COG2013_01	0.240000
COG2014_01	0.095000
COG2016_01	0.135000
COG2019_01	0.055000
COG2020_01	0.030000
COG2024_01	0.005000
COG2033_01	0.005000
COG2034_01	0.065000
COG2036_01	0.285000
COG2038_01	0.005000
COG2041_01	0.005000
COG2042_01	0.005000
COG2043_01	0.010000
COG2045_01	0.010000
COG2047_01	0.870000
COG2048_01	0.165000
COG2053_01	0.075000
COG2055_01	0.045000
COG2069_01	0.065000
COG2074_01	0.005000
COG2077_01	0.005000
COG2078_01	0.060000
COG2083_01	0.055000
COG2084_01	0.015000
COG2085_01	0.055000
COG2086_01	0.005000
COG2092_01	0.255000
COG2095_01	0.225000
COG2097_01	0.030000
COG2100_01	0.060000
COG2101_01	0.490000
COG2106_01	0.105000
COG2108_01	0.155000
COG2109_01	0.090000
COG2110_01	0.010000
COG2118_01	0.075000
COG2120_01	0.010000
COG2122_01	0.100000
COG2125_01	0.835000
COG2127_01	0.035000
COG2129_01	0.050000
COG2136_01	0.005000
COG2138_01	0.005000
COG2139_01	0.205000
COG2140_01	0.140000
COG2143_01	0.010000
COG2144_01	0.365000
COG2147_01	0.160000
COG2150_01	0.080000
COG2152_01	0.005000
COG2167_01	0.010000
COG2174_01	0.005000
COG2185_01	0.005000
COG2189_01	0.005000
COG2191_01	0.005000
COG2212_01	0.010000
COG2216_01	0.015000
COG2231_01	0.015000
COG2232_01	0.025000
COG2234_01	0.015000
COG2237_01	0.840000
COG2238_01	0.260000
COG2248_01	0.350000
COG2250_01	0.095000
COG2252_01	0.005000
COG2253_01	0.005000
COG2262_01	0.100000
COG2263_01	0.025000
COG2332_01	0.005000
COG2339_01	0.005000
COG2361_01	0.010000
COG2379_01	0.005000
COG2403_01	0.010000
COG2404_01	0.025000
COG2405_01	0.050000
COG2407_01	0.005000
COG2412_01	0.010000
COG2413_01	0.005000
COG2425_01	0.035000
COG2429_01	0.010000
COG2441_01	0.010000
COG2442_01	0.005000
COG2443_01	0.175000
COG2445_01	0.030000
COG2450_01	0.005000
COG2454_01	0.110000
COG2457_01	0.035000
COG2469_01	0.105000
COG2509_01	0.020000
COG2510_01	0.240000
COG2511_01	0.050000
COG2512_01	0.045000
COG2516_01	0.025000
COG2518_01	0.100000
COG2520_01	0.610000
COG2768_01	0.350000
COG2807_01	0.005000
COG2811_01	0.025000
COG2813_01	0.015000
COG2814_01	0.240000
COG2835_01	0.030000
COG2848_01	0.180000
COG2872_01	0.035000
COG2874_01	0.040000
COG2888_01	0.005000
COG2890_01	0.200000
COG2896_01	0.010000
COG2932_01	0.030000
COG3127_01	0.015000
COG3189_01	0.005000
COG3199_01	0.290000
COG3252_01	0.005000
COG3260_01	0.300000
COG3261_01	0.045000
COG3263_01	0.015000
COG3269_01	0.300000
COG3277_01	0.080000
COG3351_01	0.015000
COG3353_01	0.070000
COG3354_01	0.015000
COG3356_01	0.005000
COG3365_01	0.005000
COG3367_01	0.005000
COG3371_01	0.045000
COG3379_01	0.010000
COG3382_01	0.005000
COG3389_01	0.015000
COG3393_01	0.075000
COG3398_01	0.090000
COG3413_01	0.005000
COG3425_01	0.595000
COG3432_01	0.035000
COG3503_01	0.010000
COG3540_01	0.035000
COG3593_01	0.010000
COG3614_01	0.005000
COG3640_01	0.005000
COG3642_01	0.010000
COG3695_01	0.010000
COG3808_01	0.075000
COG3837_01	0.035000
COG3839_01	0.015000
COG3842_01	0.010000
COG3862_01	0.005000
COG3894_01	0.005000
COG3903_01	0.015000
COG3914_01	0.025000
COG3979_01	0.010000
COG4001_01	0.040000
COG4002_01	0.005000
COG4003_01	0.010000
COG4050_01	0.015000
COG4056_01	0.005000
COG4068_01	0.040000
COG4070_01	0.005000
COG4083_01	0.020000
COG4089_01	0.005000
COG4106_01	0.035000
COG4109_01	0.095000
COG4111_01	0.025000
COG4113_01	0.005000
COG4123_01	0.130000
COG4143_01	0.005000
COG4152_01	0.460000
COG4177_01	0.005000
COG4257_01	0.005000
COG4372_01	0.025000
COG4521_01	0.005000
COG4555_01	0.060000
COG4586_01	0.005000
COG4627_01	0.095000
COG4634_01	0.015000
COG4635_01	0.015000
COG4641_01	0.470000
COG4717_01	0.070000
COG4739_01	0.010000
COG4741_01	0.020000
COG4753_01	0.005000
COG4801_01	0.010000
COG4880_01	0.005000
COG4887_01	0.010000
COG4974_01	0.005000
COG4976_01	0.030000
COG5012_01	0.130000
COG5013_01	0.210000
COG5016_01	0.045000
COG5256_01	0.945000
COG5257_01	0.015000
COG5270_01	0.120000
COG5305_01	0.015000
COG5340_01	0.010000
COG5378_01	0.015000
COG5418_01	0.005000
COG5423_01	0.010000
COG5434_01	0.030000
COG5617_01	0.025000
COG5748_01	0.005000
COG5752_01	0.005000
COG5803_01	0.025000
