COG	Node_GCA-000007185.1_GCA-000006805.1_0
COG2768_01	0.4
COG1144_01	0.05
COG0864_01	0.02
COG3432_01	0.03
COG0546_01	0.01
COG1695_01	0.01
COG2002_01	0.02
COG0455_01	0.02
COG1222_01	0.01
COG1361_01	0.1
COG4641_01	0.19
COG1215_01	0.06
COG3398_01	0.08
COG0644_01	0.16
COG1708_01	0.02
COG4152_01	0.07
COG2512_01	0.03
COG3393_01	0.09
COG1848_01	0.02
COG2129_01	0.05
COG0640_01	0.04
COG0704_01	0.01
COG0535_01	0.56
COG1599_01	0.01
COG0456_01	0.02
COG1014_01	0.02
COG0492_01	0.02
COG3642_01	0.02
COG1470_01	0.35
COG1254_01	0.01
COG0675_01	0.05
COG3413_01	0.01
COG1545_01	0.27
COG4106_01	0.03
COG0526_01	0.04
COG0501_01	0.04
COG1977_01	0.26
COG0382_01	0.71
COG1088_01	0.09
COG0199_01	0.01
COG1287_01	0.01
COG2007_01	0.67
COG1719_01	0.18
COG1145_01	0.17
COG2048_01	0.22
COG4976_01	0.03
COG1572_01	0.02
COG1308_01	0.02
COG1246_01	0.1
COG2036_01	0.41
COG2140_01	0.14
COG0596_01	0.02
COG0407_01	0.09
COG1520_01	0.21
COG1676_01	0.01
COG0522_01	0.09
COG1136_01	0.01
COG1305_01	0.02
COG2092_01	0.31
COG3914_01	0.02
COG0630_01	0.02
COG1955_01	0.16
COG1405_01	0.08
COG1011_01	0.01
COG1149_01	0.01
COG1277_01	0.76
COG3979_01	0.02
COG1180_01	0.01
COG1056_01	0.24
COG1042_01	0.01
COG0648_01	0.01
COG2520_01	0.85
COG1094_01	0.64
COG2443_01	0.22
COG0436_01	0.44
COG1371_01	0.3
COG1793_01	0.18
COG0425_01	0.09
COG0731_01	0.83
COG2012_01	0.17
COG4627_01	0.05
COG0778_01	0.08
COG1601_01	0.11
COG3903_01	0.01
COG0537_01	0.01
COG1236_01	0.48
COG2097_01	0.01
COG1514_01	0.19
COG0142_01	0.58
COG0184_01	0.05
COG5803_01	0.05
COG1581_01	0.01
COG0622_01	0.02
COG1909_01	0.52
COG2053_01	0.1
COG1573_01	0.04
COG0608_01	0.71
COG0361_01	0.01
COG0198_01	0.15
COG1358_01	0.26
COG1383_01	0.31
COG2167_01	0.01
COG0119_01	0.08
COG4555_01	0.05
COG1150_01	0.09
COG0094_01	0.88
COG1730_01	0.1
COG2004_01	0.03
COG5305_01	0.01
COG0747_01	0.17
COG2101_01	0.79
COG0301_01	0.03
COG1266_01	0.07
COG0451_01	0.03
COG0365_01	0.01
COG0619_01	0.04
COG0185_01	0.02
COG1208_01	0.01
COG1109_01	0.2
COG1412_01	0.06
COG0096_01	0.01
COG1500_01	0.01
COG1122_01	0.01
COG0097_01	0.72
COG0250_01	0.6
COG0049_01	0.89
COG0636_01	0.04
COG0476_01	0.06
COG0024_01	0.74
COG1997_01	0.59
COG0459_01	0.03
COG1598_01	0.01
COG0020_01	0.61
COG0444_01	0.01
COG0087_01	0.36
COG1758_01	0.11
COG2125_01	0.92
COG4109_01	0.06
COG0668_01	0.01
COG1761_01	0.37
COG0432_01	0.01
COG0164_01	0.05
COG2127_01	0.01
COG0081_01	0.32
COG2250_01	0.06
COG0202_01	0.01
COG1087_01	0.02
COG2811_01	0.05
COG3695_01	0.01
COG3269_01	0.37
COG2078_01	0.1
COG0707_01	0.02
COG1899_01	0.07
COG1918_01	0.06
COG2890_01	0.11
COG2412_01	0.02
COG1644_01	0.32
COG1487_01	0.06
COG1867_01	0.08
COG0037_01	0.08
COG0195_01	0.2
COG1841_01	0.21
COG1996_01	0.01
COG0103_01	0.01
COG0552_01	0.14
COG0563_01	0.16
COG1591_01	0.02
COG1931_01	0.6
COG0127_01	0.3
COG0189_01	0.01
COG1491_01	0.01
COG0720_01	0.22
COG0051_01	0.24
COG1499_01	0.06
COG0601_01	0.01
COG1675_01	0.03
COG0717_01	0.03
COG0822_01	0.01
COG2147_01	0.26
COG0420_01	0.01
COG2118_01	0.01
COG1628_01	0.03
COG0613_01	0.09
COG0255_01	0.29
COG0437_01	0.35
COG1460_01	0.02
COG1439_01	0.58
COG2174_01	0.01
COG0231_01	0.56
COG0099_01	0.22
COG3277_01	0.07
COG1324_01	0.04
COG2405_01	0.05
COG1146_01	0.04
COG0149_01	0.03
COG0130_01	0.04
COG0111_01	0.07
COG0052_01	0.06
COG0681_01	0.02
COG1632_01	0.06
COG0367_01	0.02
COG1300_01	0.01
COG0170_01	0.01
COG1781_01	0.31
COG1498_01	0.09
COG0719_01	0.2
COG0030_01	0.79
COG1293_01	0.31
COG2510_01	0.27
COG1694_01	0.01
COG0256_01	0.2
COG2143_01	0.02
COG1890_01	0.54
COG1078_01	0.02
COG0098_01	0.96
COG1717_01	0.01
COG3371_01	0.05
COG0148_01	0.43
COG2872_01	0.05
COG0498_01	0.23
COG0315_01	0.06
COG0088_01	0.01
COG1382_01	0.01
COG2034_01	0.03
COG0023_01	0.34
COG0614_01	0.02
COG0093_01	0.42
COG1096_01	0.04
COG0017_01	0.42
COG0061_01	0.03
COG1097_01	0.06
COG1386_01	0.67
COG1390_01	0.01
COG4372_01	0.02
COG1985_01	0.62
COG0428_01	0.12
COG1250_01	0.02
COG1814_01	0.01
COG1608_01	0.02
COG0430_01	0.05
COG1889_01	0.31
COG1436_01	0.17
COG3837_01	0.04
COG2016_01	0.26
COG0399_01	0.01
COG2020_01	0.04
COG5617_01	0.01
COG0461_01	0.35
COG0012_01	0.95
COG0312_01	0.01
COG0375_01	0.03
COG2139_01	0.16
COG0520_01	0.26
COG1082_01	0.14
COG0680_01	0.01
COG2932_01	0.02
COG1339_01	0.12
COG2234_01	0.03
COG0215_01	0.01
COG1142_01	0.19
COG0528_01	0.04
COG0309_01	0.22
COG1437_01	0.02
COG0091_01	0.4
COG1422_01	0.79
COG0560_01	0.1
COG1249_01	0.04
COG0575_01	0.82
COG2136_01	0.01
COG1592_01	0.01
COG0663_01	0.41
COG1340_01	0.1
COG1120_01	0.47
COG1199_01	0.41
COG2120_01	0.01
COG1111_01	0.98
COG1736_01	0.07
COG0621_01	0.69
COG0483_01	0.3
COG0527_01	0.04
COG0044_01	0.56
COG1355_01	0.03
COG1533_01	0.04
COG0343_01	0.87
COG0104_01	0.02
COG1931_02	0.06
COG0574_01	0.09
COG1721_01	0.01
COG1571_01	0.01
COG2231_01	0.03
COG3425_01	0.91
COG1342_01	0.13
COG2238_01	0.19
COG0139_01	0.33
COG0006_01	0.04
COG1005_01	0.01
COG1945_01	0.07
COG1311_01	0.18
COG0123_01	0.03
COG1245_01	0.98
COG0072_01	0.13
COG1853_01	0.01
COG1201_01	0.77
COG1690_01	0.42
COG1093_01	0.54
COG1095_01	0.8
COG1617_01	0.02
COG2404_01	0.03
COG2518_01	0.08
COG2814_01	0.18
COG0329_01	0.01
COG4111_01	0.05
COG0090_01	0.15
COG3839_01	0.02
COG1394_01	0.03
COG2263_01	0.05
COG1992_01	0.03
COG0541_01	0.04
COG1537_01	0.15
COG0598_01	0.03
COG1819_01	0.02
COG2047_01	0.89
COG0730_01	0.02
COG1606_01	0.4
COG0120_01	0.08
COG0330_01	0.14
COG0533_01	0.98
COG1304_01	0.82
COG5012_01	0.06
COG1395_01	0.26
COG0163_01	0.88
COG1681_01	0.1
COG0478_01	0.01
COG0150_01	0.02
COG1084_01	0.37
COG0092_01	0.64
COG0371_01	0.01
COG1888_01	0.03
COG0358_01	0.85
COG0063_01	0.02
COG0095_01	0.03
COG1786_01	0.68
COG0609_01	0.43
COG1247_01	0.03
COG0085_01	0.01
COG0018_01	0.2
COG0053_01	0.68
COG3261_01	0.07
COG1602_01	0.18
COG0611_01	0.01
COG0592_01	0.86
COG0499_01	0.64
COG0441_01	0.03
COG0693_01	0.16
COG1605_01	0.04
COG2185_01	0.01
COG0525_01	0.43
COG1337_01	0.02
COG2896_01	0.01
COG0426_01	0.16
COG1829_01	0.02
COG0112_01	0.31
COG4113_01	0.01
COG5434_01	0.02
COG3593_01	0.01
COG1184_01	0.06
COG1746_01	0.67
COG0651_01	0.02
COG0107_01	0.81
COG1258_01	0.01
COG1241_01	0.99
COG1838_01	0.21
COG0293_01	0.85
COG0167_01	0.15
COG1243_01	0.68
COG0662_01	0.05
COG4123_01	0.15
COG1207_01	0.72
COG1872_01	0.01
COG1478_01	0.17
COG1782_01	0.83
COG0504_01	0.74
COG1392_01	0.01
COG2445_01	0.03
COG1525_01	0.01
COG1901_01	0.03
COG0750_01	0.02
COG1192_01	0.01
COG0423_01	0.14
COG0540_01	0.82
COG1004_01	0.09
COG0794_01	0.31
COG0169_01	0.01
COG0078_01	0.01
COG4635_01	0.02
COG0472_01	0.06
COG1916_01	0.43
COG0726_01	0.05
COG1701_01	0.05
COG2835_01	0.04
COG1244_01	0.06
COG1976_01	0.13
COG0110_01	0.01
COG2095_01	0.28
COG0180_01	0.95
COG1156_01	0.32
COG1155_01	0.16
COG0532_01	0.38
COG0074_01	0.28
COG1893_01	0.04
COG0306_01	0.28
COG0521_01	0.04
COG1123_01	0.02
COG1052_01	0.02
COG1637_01	0.1
COG0016_01	0.04
COG1658_01	0.73
COG2041_01	0.01
COG2511_01	0.02
COG0584_01	0.01
COG0620_01	0.11
COG0005_01	0.26
COG0136_01	0.93
COG3640_01	0.01
COG0077_01	0.01
COG0135_01	0.05
COG0057_01	0.39
COG0075_01	0.48
COG1389_01	0.04
COG0144_01	0.39
COG1798_01	0.35
COG0500_01	0.01
COG1765_01	0.01
COG1645_01	0.02
COG0449_01	0.61
COG1750_01	0.07
COG2248_01	0.38
COG1363_01	0.15
COG0126_01	0.06
COG2019_01	0.1
COG1446_01	0.01
COG1526_01	0.09
COG1650_01	0.11
COG3353_01	0.12
COG0442_01	0.32
COG0391_01	0.01
COG1941_01	0.1
COG0396_01	0.05
COG0118_01	0.07
COG3379_01	0.01
COG0480_01	0.95
COG3260_01	0.28
COG1510_01	0.21
COG0013_01	0.2
COG1669_01	0.02
COG0054_01	0.06
COG0270_01	0.02
COG1920_01	0.13
COG2106_01	0.04
COG3503_01	0.01
COG1251_01	0.09
COG1641_01	0.2
COG1779_01	0.07
COG0174_01	0.12
COG0595_01	0.03
COG0008_01	0.09
COG0565_01	0.4
COG1036_01	0.01
COG2413_01	0.01
COG1204_01	0.14
COG2813_01	0.01
COG0159_01	0.03
COG0034_01	0.03
COG0151_01	0.58
COG1269_01	0.02
COG0045_01	0.15
COG1855_01	0.75
COG0616_01	0.28
COG0115_01	0.22
COG2150_01	0.09
COG1577_01	0.27
COG0133_01	0.38
COG0226_01	0.03
COG2442_01	0.01
COG1104_01	0.01
COG0473_01	0.01
COG1685_01	0.63
COG1635_01	0.08
COG4003_01	0.02
COG3189_01	0.01
COG0530_01	0.06
COG0379_01	0.2
COG0505_01	0.04
COG3842_01	0.01
COG0047_01	0.15
COG1252_01	0.04
COG0141_01	0.01
COG1709_01	0.94
COG0029_01	0.01
COG0746_01	0.1
COG0561_01	0.26
COG2108_01	0.25
COG4717_01	0.05
COG2403_01	0.01
COG1415_01	0.02
COG1836_01	0.35
COG0602_01	0.02
COG0182_01	0.13
COG2085_01	0.08
COG1948_01	0.01
COG0469_01	0.01
COG4068_01	0.06
COG1454_01	0.02
COG3365_01	0.01
COG1518_01	0.02
COG5256_01	0.93
COG0548_01	0.35
COG4001_01	0.03
COG1585_01	0.02
COG1374_01	0.02
COG3354_01	0.03
COG0076_01	0.77
COG0381_01	0.03
COG0001_01	0.17
COG0213_01	0.79
COG1117_01	0.08
COG0378_01	0.01
COG5257_01	0.01
COG0475_01	0.25
COG0124_01	0.13
COG0147_01	0.05
COG0460_01	0.05
COG0392_01	0.1
COG0122_01	0.03
COG3351_01	0.03
COG1907_01	0.02
COG0168_01	0.09
COG0162_01	0.01
COG2457_01	0.03
COG0160_01	0.01
COG0060_01	0.78
COG0519_01	0.2
COG0715_01	0.06
COG1183_01	0.16
COG2425_01	0.05
COG1143_01	0.03
COG0846_01	0.01
COG5270_01	0.15
COG1108_01	0.14
COG1691_01	0.1
COG4083_01	0.02
COG2237_01	0.72
COG0422_01	0.03
COG0019_01	0.02
COG1712_01	0.09
COG1756_01	0.08
COG0581_01	0.01
COG2516_01	0.01
COG5423_01	0.02
COG2216_01	0.02
COG2253_01	0.01
COG1260_01	0.01
COG2138_01	0.01
COG3199_01	0.14
COG0678_01	0.03
COG0496_01	0.05
COG0665_01	0.02
COG1832_01	0.03
COG0221_01	0.03
COG0573_01	0.01
COG1898_01	0.01
COG0002_01	0.05
COG0190_01	0.01
COG0368_01	0.08
COG1933_01	0.86
COG4634_01	0.02
COG0311_01	0.25
COG0684_01	0.02
COG1043_01	0.06
COG1563_01	0.01
COG1665_01	0.08
COG1055_01	0.02
COG1328_01	0.01
COG1257_02	0.04
COG1964_01	0.58
COG0551_01	0.08
COG1900_01	0.02
COG0043_01	0.42
COG1384_01	0.28
COG1379_01	0.34
COG2339_01	0.01
COG2874_01	0.07
COG0083_01	0.14
COG0688_01	0.01
COG1797_01	0.08
COG1313_01	0.01
COG1850_01	0.01
COG0805_01	0.01
COG1751_01	0.01
COG1001_01	0.01
COG1679_01	0.86
COG1817_01	0.11
COG0495_01	0.01
COG2083_01	0.09
COG1924_01	0.2
COG0239_01	0.03
COG0143_01	0.16
COG1488_01	0.01
COG0129_01	0.02
COG4002_01	0.01
COG3263_01	0.02
COG3382_01	0.01
COG1194_01	0.01
COG0281_01	0.02
COG0137_01	0.13
COG2212_01	0.01
COG1233_01	0.01
COG0600_01	0.17
COG0701_01	0.06
COG5378_01	0.02
COG0725_01	0.14
COG2509_01	0.02
COG0068_01	0.79
COG0486_01	0.01
COG2109_01	0.13
COG2013_01	0.4
COG2379_01	0.01
COG1962_01	0.04
COG0516_01	0.01
COG0069_01	0.04
COG2100_01	0.03
COG4050_01	0.02
COG1270_01	0.01
COG2454_01	0.13
COG2045_01	0.02
COG0308_01	0.01
COG2262_01	0.12
COG1203_01	0.02
COG1465_01	0.43
COG1808_01	0.2
COG1167_01	0.11
COG1688_01	0.09
COG0145_01	0.02
COG0181_01	0.05
COG1951_01	0.26
COG1318_01	0.02
COG3808_01	0.03
COG2232_01	0.02
COG0038_01	0.13
COG2038_01	0.01
COG1320_01	0.02
COG1409_01	0.04
COG0569_01	0.1
COG0549_01	0.02
COG2429_01	0.01
COG1031_01	0.02
COG1112_01	0.01
COG2084_01	0.03
COG5016_01	0.09
COG0643_01	0.12
COG1986_01	0.02
COG1152_01	0.01
COG1224_01	0.01
COG2014_01	0.14
COG0555_01	0.23
COG1255_01	0.01
COG0856_01	0.01
COG2122_01	0.12
COG0269_01	0.07
COG1411_01	0.03
COG0577_01	0.01
COG2469_01	0.17
COG2069_01	0.1
COG0370_01	0.08
COG0471_01	0.1
COG1831_01	0.01
COG0082_01	0.43
COG1492_01	0.01
COG1857_01	0.02
COG4801_01	0.01
COG2144_01	0.35
COG1956_01	0.01
COG1048_01	0.01
COG1202_01	0.01
COG0798_01	0.05
COG1549_01	0.87
COG1624_01	0.41
COG5013_01	0.29
COG3540_01	0.03
COG1810_01	0.01
COG4056_01	0.01
COG0672_01	0.01
COG4739_01	0.01
COG2332_01	0.01
COG1348_01	0.01
COG3862_01	0.01
COG0172_02	0.1
COG0175_01	0.01
COG1906_01	0.03
COG1151_01	0.04
COG0067_01	0.01
COG1604_01	0.02
COG0345_01	0.01
COG2441_01	0.01
COG0623_01	0.02
COG1229_01	0.01
COG0506_02	0.01
COG1030_01	0.35
COG4741_01	0.04
COG0447_01	0.01
COG0502_01	0.03
COG1852_01	0.5
COG4070_01	0.01
COG1171_01	0.01
COG1401_01	0.01
COG4887_01	0.01
COG1159_01	0.02
COG1297_01	0.06
COG1822_01	0.03
COG1915_01	0.03
COG2055_01	0.04
COG1866_01	0.01
COG2848_01	0.2
COG1457_01	0.02
COG2252_01	0.01
