COG	LBCA_alt
COG0001	0.999923
COG0002	0.998549
COG0003	0.980484
COG0004	0.999997
COG0005	0.999870
COG0006	1.000000
COG0007	0.999860
COG0008	0.999971
COG0009	0.999984
COG0010	0.999876
COG0012	0.999899
COG0013	0.999899
COG0014	0.999560
COG0015	0.999864
COG0016	0.999899
COG0017	0.999894
COG0018	0.999899
COG0019	0.999534
COG0020	0.999899
COG0021	0.999875
COG0024	0.999901
COG0028	1.000000
COG0029	0.999885
COG0030	0.999899
COG0031	1.000000
COG0034	0.999528
COG0035	0.999562
COG0036	0.999899
COG0037	0.999899
COG0038	0.999900
COG0039	0.997488
COG0040	0.998552
COG0041	0.999528
COG0042	0.999899
COG0043	0.999101
COG0044	0.999527
COG0045	0.998549
COG0046	0.999524
COG0047	0.999528
COG0048	0.999898
COG0049	0.999898
COG0051	0.999899
COG0052	0.999899
COG0053	0.999907
COG0054	0.999528
COG0055	0.886242
COG0056	0.999899
COG0057	0.999954
COG0058	0.999876
COG0059	0.999533
COG0060	0.999899
COG0061	0.999900
COG0062	0.999899
COG0063	0.999898
COG0064	0.999865
COG0065	0.804487
COG0066	0.996735
COG0067	0.997016
COG0068	0.999511
COG0069	0.998540
COG0070	0.992184
COG0071	1.000000
COG0072	0.999899
COG0073	0.999863
COG0074	0.998563
COG0075	0.995329
COG0077	0.984179
COG0078	0.999899
COG0079	0.999999
COG0080	0.999899
COG0081	0.999899
COG0082	0.999885
COG0083	0.995531
COG0084	0.999980
COG0085	0.999898
COG0086	0.999898
COG0087	0.999899
COG0088	0.999899
COG0089	0.999899
COG0090	0.999899
COG0091	0.999899
COG0092	0.999899
COG0093	0.999899
COG0094	0.999899
COG0095	0.999899
COG0096	0.999899
COG0097	0.999899
COG0098	0.999899
COG0099	0.999899
COG0100	0.999899
COG0101	0.999900
COG0102	0.999899
COG0103	0.999899
COG0104	0.999882
COG0105	0.999885
COG0106	0.998551
COG0107	0.999887
COG0108	0.999528
COG0109	0.994510
COG0110	0.999569
COG0111	1.000000
COG0112	0.999885
COG0113	0.999876
COG0114	0.880456
COG0115	0.999537
COG0116	0.612180
COG0117	0.999528
COG0118	0.999887
COG0119	0.999997
COG0123	0.999376
COG0124	0.999899
COG0125	0.999983
COG0126	0.999899
COG0127	0.999898
COG0128	0.999885
COG0129	0.998560
COG0130	0.999899
COG0131	0.998551
COG0132	0.933539
COG0133	0.999876
COG0134	0.998551
COG0135	0.999533
COG0136	0.999898
COG0137	0.999560
COG0138	0.999528
COG0139	0.973089
COG0140	0.991339
COG0141	0.998551
COG0142	0.999502
COG0143	0.999899
COG0144	0.999127
COG0145	0.996208
COG0147	0.998552
COG0148	0.999899
COG0149	0.999900
COG0150	0.999526
COG0151	0.999887
COG0152	0.999528
COG0153	0.997368
COG0154	1.000000
COG0156	0.999557
COG0157	0.999885
COG0159	0.998551
COG0160	0.994561
COG0162	0.999899
COG0163	0.999329
COG0164	0.999896
COG0165	0.999561
COG0166	0.999899
COG0167	0.999872
COG0168	0.999998
COG0169	0.999899
COG0171	0.999876
COG0172	0.999899
COG0173	0.999899
COG0174	0.999886
COG0175	0.997798
COG0176	0.994855
COG0177	0.999999
COG0178	0.999987
COG0179	0.992919
COG0180	0.999899
COG0181	0.999876
COG0182	0.999899
COG0183	0.999913
COG0184	0.999899
COG0185	0.999899
COG0186	0.999899
COG0187	0.999899
COG0188	0.999901
COG0189	0.951722
COG0190	0.999899
COG0191	0.999610
COG0192	0.999899
COG0193	0.999900
COG0194	0.999899
COG0195	0.999899
COG0196	0.999899
COG0197	0.999899
COG0198	0.999899
COG0199	0.999899
COG0200	0.999899
COG0201	0.999899
COG0202	0.999900
COG0203	0.999899
COG0205	0.999996
COG0206	0.999907
COG0209	0.999900
COG0210	1.000000
COG0211	0.999899
COG0212	0.998326
COG0213	0.999892
COG0214	0.668153
COG0215	0.999900
COG0216	0.999899
COG0217	0.999899
COG0218	0.999833
COG0219	0.999856
COG0220	0.999897
COG0222	0.999899
COG0223	0.999955
COG0224	0.999899
COG0225	0.999392
COG0226	0.999999
COG0227	0.999899
COG0228	0.999899
COG0229	0.986361
COG0230	0.999899
COG0231	0.999899
COG0232	0.999891
COG0233	0.999899
COG0234	0.999999
COG0235	0.999895
COG0236	1.000000
COG0237	0.999899
COG0238	0.999899
COG0239	0.999865
COG0240	0.999899
COG0241	0.999886
COG0242	0.999997
COG0243	0.972085
COG0244	0.999899
COG0245	0.999885
COG0247	0.983687
COG0248	0.999876
COG0249	0.999900
COG0250	0.999899
COG0251	0.999994
COG0253	0.999899
COG0254	0.999899
COG0255	0.999898
COG0256	0.999899
COG0257	0.999876
COG0258	0.999896
COG0260	0.999619
COG0261	0.999899
COG0263	0.999560
COG0264	0.999899
COG0266	0.999526
COG0267	0.999899
COG0268	0.999899
COG0270	0.996149
COG0272	0.999899
COG0274	0.999899
COG0275	0.999899
COG0276	0.994435
COG0277	0.999926
COG0279	0.999888
COG0280	0.999279
COG0281	0.999533
COG0282	0.999911
COG0283	0.999898
COG0284	0.999876
COG0285	0.999899
COG0286	0.999999
COG0287	0.999521
COG0288	0.825653
COG0289	0.999899
COG0290	0.999898
COG0291	0.999899
COG0292	0.999899
COG0294	0.999528
COG0295	0.999883
COG0296	0.999868
COG0297	0.999898
COG0298	0.999532
COG0299	0.998551
COG0300	0.999800
COG0301	0.999851
COG0302	0.999492
COG0303	0.999967
COG0304	1.000000
COG0305	0.999909
COG0306	0.999683
COG0307	0.999528
COG0308	0.985564
COG0309	0.999539
COG0310	0.999532
COG0311	0.668651
COG0312	1.000000
COG0313	0.999620
COG0314	0.992998
COG0315	0.999876
COG0316	0.694181
COG0317	0.848504
COG0318	1.000000
COG0319	0.999898
COG0320	0.999534
COG0321	0.994831
COG0322	0.999899
COG0323	0.999900
COG0324	0.999899
COG0325	0.999885
COG0326	0.733831
COG0327	0.999899
COG0328	0.986031
COG0329	0.999998
COG0330	0.999969
COG0331	0.999885
COG0332	1.000000
COG0333	0.999899
COG0334	0.999525
COG0335	0.999899
COG0336	0.999899
COG0337	0.999870
COG0338	0.999450
COG0340	0.999885
COG0341	0.999887
COG0342	0.999887
COG0343	0.999900
COG0344	0.999967
COG0345	0.999876
COG0347	0.987644
COG0348	0.999998
COG0349	0.964718
COG0350	0.999878
COG0351	0.997890
COG0352	0.999515
COG0353	0.999898
COG0355	0.999899
COG0356	0.999899
COG0357	0.999899
COG0358	0.999899
COG0359	0.999899
COG0360	0.999899
COG0361	0.999899
COG0363	0.999564
COG0364	0.999179
COG0365	0.998815
COG0366	0.995182
COG0367	0.999999
COG0368	0.998368
COG0369	0.999866
COG0370	0.999910
COG0372	0.927749
COG0373	0.999881
COG0375	0.999688
COG0377	0.999886
COG0378	0.999876
COG0379	0.999887
COG0380	0.762263
COG0381	0.999747
COG0382	0.999637
COG0384	0.964715
COG0388	0.999876
COG0389	0.999867
COG0391	0.999628
COG0394	0.999876
COG0395	1.000000
COG0396	0.999621
COG0399	1.000000
COG0402	0.999974
COG0403	0.999885
COG0404	0.999885
COG0405	0.999508
COG0407	0.999998
COG0409	0.999532
COG0410	0.999999
COG0411	0.999999
COG0412	0.952777
COG0413	0.999873
COG0414	0.999873
COG0415	0.999408
COG0416	0.999885
COG0419	0.999788
COG0420	0.999885
COG0421	0.999980
COG0422	0.998440
COG0423	0.977658
COG0424	0.999885
COG0425	0.999874
COG0426	0.999882
COG0428	0.745507
COG0433	0.999101
COG0436	0.999999
COG0437	0.965259
COG0439	0.999887
COG0440	0.998551
COG0441	0.999899
COG0442	0.999898
COG0443	1.000000
COG0444	0.999976
COG0445	0.999910
COG0446	0.539427
COG0448	0.999867
COG0449	0.999936
COG0450	0.999856
COG0451	0.999804
COG0452	0.999898
COG0455	0.999972
COG0458	0.998553
COG0459	0.999934
COG0460	0.999876
COG0461	0.999882
COG0462	0.999905
COG0463	0.999992
COG0464	0.999879
COG0465	1.000000
COG0466	0.999993
COG0468	0.999904
COG0469	0.999903
COG0470	0.998125
COG0471	0.998546
COG0472	0.999899
COG0473	0.998507
COG0474	0.999624
COG0475	0.999969
COG0476	0.998497
COG0479	0.998200
COG0480	1.000000
COG0481	0.999899
COG0482	0.999900
COG0483	0.999997
COG0484	0.999999
COG0486	0.999899
COG0488	0.999911
COG0492	1.000000
COG0493	0.999881
COG0494	0.999610
COG0495	0.999899
COG0496	0.999885
COG0497	0.999898
COG0498	1.000000
COG0499	0.999887
COG0501	0.999999
COG0502	0.999896
COG0503	0.999899
COG0504	0.999885
COG0505	0.998551
COG0506	0.805245
COG0507	0.999874
COG0508	0.999870
COG0509	0.999956
COG0511	0.999898
COG0512	0.998551
COG0513	0.999902
COG0514	0.999870
COG0516	0.999864
COG0517	0.999996
COG0518	0.999949
COG0519	0.999621
COG0520	0.999997
COG0522	0.999899
COG0524	0.999926
COG0525	0.999899
COG0527	0.999909
COG0528	0.999899
COG0529	0.998023
COG0530	0.999886
COG0531	1.000000
COG0532	0.999899
COG0533	0.999899
COG0534	1.000000
COG0536	0.999899
COG0537	0.999898
COG0538	0.998535
COG0539	0.999986
COG0540	0.999876
COG0541	0.999900
COG0542	0.999928
COG0543	0.999871
COG0544	0.999899
COG0546	1.000000
COG0547	0.998552
COG0548	0.998549
COG0549	0.999840
COG0550	0.999899
COG0552	0.999899
COG0553	0.999683
COG0554	0.998546
COG0556	0.999899
COG0557	0.999534
COG0558	1.000000
COG0559	0.999999
COG0561	0.996627
COG0563	0.999898
COG0564	1.000000
COG0565	0.887446
COG0566	0.999899
COG0568	1.000000
COG0569	1.000000
COG0571	0.999898
COG0572	0.999941
COG0573	0.999862
COG0574	0.999888
COG0576	0.999899
COG0578	0.991554
COG0581	0.999865
COG0584	0.999994
COG0586	0.999986
COG0587	0.999904
COG0590	0.999540
COG0591	0.998692
COG0592	0.999899
COG0593	0.999935
COG0594	0.998771
COG0595	0.999506
COG0597	0.999899
COG0598	0.999885
COG0599	0.984815
COG0601	1.000000
COG0602	0.999837
COG0603	0.999871
COG0604	0.998624
COG0605	0.999862
COG0606	0.999876
COG0607	0.998514
COG0608	0.999899
COG0609	0.999964
COG0610	0.999875
COG0611	0.999560
COG0614	0.999938
COG0615	0.999951
COG0616	0.999991
COG0617	1.000000
COG0618	0.999999
COG0619	0.997250
COG0620	0.997519
COG0621	0.999899
COG0622	0.999858
COG0623	0.999248
COG0624	0.999888
COG0626	0.998262
COG0628	0.999998
COG0629	1.000000
COG0631	0.999855
COG0632	0.999899
COG0634	0.999912
COG0635	0.999899
COG0636	0.999899
COG0637	0.999836
COG0639	0.999724
COG0641	0.999656
COG0642	0.999938
COG0643	0.999999
COG0644	0.999516
COG0646	0.999984
COG0648	0.999873
COG0649	0.998468
COG0650	0.987774
COG0651	0.999680
COG0652	0.999891
COG0653	0.999899
COG0655	0.989661
COG0658	0.999903
COG0659	0.990567
COG0661	0.999882
COG0662	0.998993
COG0663	0.999883
COG0665	0.979655
COG0667	0.998535
COG0668	0.999687
COG0669	0.999899
COG0673	1.000000
COG0674	1.000000
COG0677	0.998462
COG0679	0.999744
COG0680	0.998542
COG0682	1.000000
COG0685	0.999530
COG0686	0.998380
COG0688	0.991275
COG0689	0.999802
COG0690	0.999898
COG0691	0.999899
COG0693	0.999809
COG0694	0.998368
COG0695	0.998354
COG0696	0.999849
COG0698	0.999997
COG0701	1.000000
COG0702	0.994220
COG0703	0.999861
COG0704	0.999971
COG0705	0.999691
COG0706	0.999899
COG0707	0.999899
COG0708	0.999440
COG0709	0.999853
COG0711	0.999907
COG0712	0.999898
COG0713	0.999808
COG0714	1.000000
COG0716	0.569733
COG0717	0.999869
COG0718	0.999899
COG0719	0.999612
COG0720	0.999877
COG0721	0.999865
COG0724	0.849553
COG0725	0.999875
COG0727	0.999981
COG0728	0.999936
COG0731	0.999375
COG0733	0.999562
COG0735	0.999917
COG0736	0.999898
COG0737	0.999940
COG0740	1.000000
COG0741	1.000000
COG0742	0.999899
COG0743	0.999885
COG0744	0.999901
COG0745	1.000000
COG0749	0.999898
COG0750	0.999899
COG0751	0.999865
COG0752	0.999865
COG0755	0.999821
COG0756	0.999899
COG0757	0.999885
COG0758	0.999987
COG0759	0.999458
COG0761	0.999885
COG0762	0.999847
COG0763	0.999956
COG0764	0.999282
COG0766	0.999899
COG0767	0.999986
COG0768	0.999874
COG0769	0.999903
COG0770	0.999899
COG0771	0.999899
COG0772	0.999908
COG0773	0.999946
COG0774	0.996781
COG0775	0.996826
COG0776	1.000000
COG0777	0.999885
COG0778	0.999999
COG0779	0.999898
COG0780	0.949931
COG0781	0.999899
COG0782	0.998772
COG0784	0.999777
COG0785	0.999727
COG0787	0.999900
COG0789	0.986523
COG0792	0.999885
COG0794	0.994883
COG0795	0.999937
COG0796	0.999898
COG0797	0.999862
COG0798	0.999876
COG0799	0.999898
COG0800	0.999090
COG0801	0.998549
COG0802	0.999899
COG0803	0.999906
COG0805	0.999874
COG0806	0.999899
COG0807	0.999528
COG0809	0.999899
COG0811	0.999999
COG0812	0.999899
COG0815	0.999533
COG0816	0.999970
COG0817	0.999899
COG0818	0.997503
COG0820	0.999899
COG0821	0.999886
COG0822	0.999899
COG0824	0.999979
COG0825	0.999885
COG0826	0.999989
COG0827	0.999496
COG0828	0.999875
COG0836	0.999602
COG0838	0.999905
COG0839	0.999610
COG0840	1.000000
COG0841	1.000000
COG0842	0.999997
COG0843	0.968792
COG0846	0.999880
COG0847	0.999609
COG0848	0.999990
COG0849	0.999942
COG0850	0.668705
COG0852	0.999886
COG0853	0.999523
COG0854	0.998061
COG0855	0.971802
COG0858	0.999899
COG0859	1.000000
COG0861	0.992602
COG0863	0.999995
COG0864	0.998493
COG1001	0.873662
COG1002	0.998948
COG1003	0.999885
COG1004	0.999886
COG1005	0.999957
COG1006	0.999403
COG1007	0.999915
COG1008	0.999920
COG1009	0.999927
COG1011	0.999528
COG1012	0.819101
COG1013	1.000000
COG1014	0.999879
COG1015	0.999634
COG1022	0.999972
COG1024	0.999499
COG1027	0.990891
COG1030	0.999897
COG1033	0.999973
COG1034	0.902097
COG1040	0.999898
COG1043	0.999885
COG1044	0.999886
COG1045	0.999887
COG1047	0.891770
COG1048	0.999524
COG1051	0.962964
COG1052	0.800767
COG1053	0.998552
COG1055	0.999808
COG1057	0.999885
COG1058	0.999560
COG1060	0.998668
COG1063	0.999996
COG1064	0.999023
COG1066	0.999899
COG1067	0.996983
COG1070	0.953019
COG1071	0.995186
COG1074	0.999896
COG1075	0.992940
COG1077	0.999973
COG1079	0.666944
COG1080	0.999888
COG1085	0.999990
COG1086	0.788763
COG1087	0.998477
COG1088	0.999888
COG1089	0.999871
COG1090	0.958173
COG1091	0.999916
COG1092	0.999887
COG1104	1.000000
COG1108	0.999899
COG1109	0.999930
COG1115	0.971935
COG1116	0.999915
COG1117	0.999990
COG1120	0.999962
COG1121	0.999897
COG1122	0.953673
COG1127	0.999985
COG1129	0.555142
COG1131	1.000000
COG1132	1.000000
COG1134	0.999830
COG1136	1.000000
COG1137	0.999885
COG1138	0.964992
COG1141	0.999887
COG1142	0.960053
COG1143	0.999904
COG1144	0.999270
COG1146	0.847337
COG1149	0.999925
COG1150	0.979187
COG1151	0.999864
COG1154	0.999885
COG1155	0.999890
COG1156	0.999889
COG1157	0.999885
COG1158	0.999932
COG1159	0.999679
COG1160	0.999900
COG1161	0.702522
COG1162	0.999894
COG1164	0.999914
COG1167	0.906927
COG1171	0.992766
COG1173	1.000000
COG1175	1.000000
COG1178	0.973005
COG1180	1.000000
COG1181	1.000000
COG1183	0.991250
COG1185	0.999899
COG1186	0.999899
COG1187	0.999885
COG1188	0.989253
COG1189	0.999899
COG1190	0.999899
COG1191	0.999939
COG1192	0.999999
COG1193	0.999892
COG1194	0.998296
COG1195	0.999898
COG1196	0.999898
COG1197	0.999899
COG1198	0.999899
COG1199	0.999898
COG1200	0.999898
COG1203	0.999866
COG1205	0.997829
COG1206	0.999770
COG1207	0.999802
COG1208	0.999733
COG1209	0.999879
COG1210	0.994486
COG1211	0.999885
COG1212	0.994765
COG1214	0.999899
COG1215	1.000000
COG1216	0.999725
COG1217	0.999896
COG1219	0.999922
COG1220	0.999869
COG1226	0.898197
COG1228	0.991514
COG1230	0.999559
COG1232	0.987504
COG1234	0.999897
COG1235	0.999899
COG1236	0.999876
COG1237	0.999850
COG1238	0.988038
COG1242	0.958014
COG1246	0.998582
COG1249	1.000000
COG1250	0.999678
COG1251	0.665760
COG1252	0.997919
COG1253	1.000000
COG1254	0.999885
COG1256	0.999885
COG1259	0.998551
COG1260	0.845068
COG1261	0.999867
COG1262	0.998779
COG1267	0.997736
COG1268	0.988516
COG1269	0.999891
COG1270	0.995772
COG1271	0.997430
COG1272	0.991598
COG1274	0.937277
COG1278	1.000000
COG1281	0.860109
COG1282	0.867781
COG1283	0.999892
COG1285	0.998477
COG1286	0.998636
COG1290	0.522779
COG1291	0.999885
COG1294	0.952321
COG1295	0.999852
COG1298	0.999876
COG1301	0.999557
COG1305	0.999992
COG1309	0.999997
COG1310	0.999530
COG1313	0.999527
COG1314	0.999894
COG1315	0.999954
COG1317	0.999885
COG1319	0.999707
COG1320	0.999344
COG1321	0.999889
COG1322	0.999386
COG1324	0.999540
COG1327	0.999859
COG1328	0.999880
COG1329	0.999724
COG1331	0.999485
COG1333	0.991385
COG1334	0.999002
COG1335	0.999875
COG1338	0.999885
COG1342	0.997606
COG1343	0.999767
COG1344	1.000000
COG1345	0.999885
COG1350	0.998251
COG1351	0.999885
COG1352	0.999999
COG1354	0.999898
COG1355	0.999977
COG1360	0.999986
COG1364	0.998549
COG1366	1.000000
COG1373	1.000000
COG1377	0.999873
COG1381	0.999864
COG1385	0.999899
COG1386	0.999898
COG1387	0.999749
COG1390	0.999845
COG1391	0.754569
COG1392	0.999523
COG1394	0.999889
COG1396	0.999834
COG1397	0.999677
COG1399	0.998452
COG1402	0.999115
COG1403	0.999520
COG1406	0.999586
COG1408	0.999878
COG1410	0.999885
COG1418	0.999899
COG1419	0.999875
COG1420	0.999823
COG1426	0.998549
COG1427	0.999373
COG1430	0.999873
COG1436	0.966947
COG1449	0.997988
COG1450	0.879921
COG1451	0.999894
COG1453	0.999867
COG1454	0.998503
COG1456	0.946341
COG1459	1.000000
COG1461	0.753248
COG1468	0.999282
COG1469	0.874458
COG1472	0.999900
COG1473	0.999816
COG1476	0.999118
COG1477	0.999885
COG1480	0.999899
COG1481	0.713101
COG1482	0.999747
COG1484	0.998676
COG1486	0.751318
COG1487	0.999983
COG1488	0.998548
COG1490	0.999898
COG1492	0.991085
COG1493	0.986193
COG1494	0.939641
COG1496	0.999899
COG1502	0.999873
COG1506	0.964761
COG1507	0.656028
COG1508	0.999885
COG1509	0.999798
COG1512	0.999465
COG1515	0.990119
COG1516	0.999887
COG1518	0.999913
COG1519	0.996308
COG1521	0.999873
COG1522	0.998262
COG1523	0.965318
COG1526	0.979189
COG1527	0.999011
COG1528	0.999705
COG1529	0.999898
COG1530	0.992068
COG1533	0.999885
COG1536	0.999888
COG1539	0.998497
COG1541	1.000000
COG1543	0.999899
COG1544	0.999899
COG1546	0.999559
COG1550	0.999552
COG1551	0.999884
COG1553	0.876116
COG1555	0.999900
COG1558	0.999885
COG1559	0.999885
COG1560	0.999998
COG1564	0.752479
COG1569	0.998509
COG1570	0.999899
COG1573	1.000000
COG1574	0.988123
COG1575	0.955008
COG1576	0.996081
COG1578	0.998587
COG1579	0.999853
COG1580	0.998297
COG1582	0.999880
COG1585	0.826946
COG1587	0.999873
COG1592	0.999894
COG1593	0.995476
COG1597	0.999967
COG1598	1.000000
COG1600	0.999550
COG1605	0.997713
COG1606	0.999876
COG1609	0.978237
COG1610	0.999242
COG1611	0.999909
COG1612	0.723756
COG1619	0.721010
COG1622	0.998514
COG1624	0.999885
COG1636	0.999815
COG1638	0.998368
COG1639	0.991189
COG1640	0.999882
COG1641	0.999874
COG1647	0.990695
COG1648	0.999828
COG1651	0.971716
COG1654	0.999873
COG1655	0.791390
COG1656	0.940529
COG1660	0.998958
COG1661	0.996412
COG1663	0.993292
COG1666	0.999072
COG1668	0.905250
COG1669	0.999987
COG1674	0.999899
COG1677	0.999885
COG1680	0.981610
COG1682	0.999848
COG1684	0.999885
COG1686	0.804616
COG1690	0.999876
COG1691	0.999876
COG1692	0.999900
COG1694	0.999885
COG1695	0.999735
COG1696	0.959850
COG1699	0.999886
COG1702	0.999557
COG1703	0.999857
COG1704	0.999898
COG1706	0.999885
COG1708	1.000000
COG1720	0.972733
COG1722	0.999876
COG1724	0.999654
COG1728	0.985695
COG1734	0.998122
COG1738	0.928749
COG1741	0.988050
COG1744	0.924764
COG1749	0.999886
COG1758	0.989077
COG1760	0.745654
COG1762	0.999997
COG1763	0.645024
COG1765	0.999952
COG1766	0.999885
COG1773	0.999891
COG1775	0.892574
COG1776	0.970739
COG1778	0.995722
COG1785	0.813085
COG1792	0.999618
COG1796	0.999534
COG1797	0.914449
COG1799	0.634469
COG1802	0.623210
COG1804	0.984378
COG1814	0.996102
COG1815	0.999885
COG1820	0.992701
COG1825	0.999885
COG1826	0.999996
COG1828	0.999524
COG1830	0.733824
COG1832	0.999875
COG1837	0.999899
COG1838	0.999500
COG1840	0.998436
COG1841	0.999896
COG1842	0.935043
COG1843	0.999876
COG1845	0.894280
COG1846	0.998518
COG1847	0.999899
COG1848	0.999988
COG1852	0.802433
COG1853	0.999508
COG1858	0.695393
COG1861	0.883202
COG1862	0.999615
COG1863	0.999396
COG1866	0.999635
COG1868	0.999885
COG1871	0.999894
COG1872	0.999541
COG1875	0.991600
COG1877	0.963581
COG1878	0.999555
COG1881	0.998541
COG1883	0.915128
COG1884	0.999828
COG1886	0.999880
COG1893	0.999620
COG1894	1.000000
COG1898	0.999887
COG1899	0.997767
COG1902	0.999637
COG1905	0.999946
COG1908	0.993136
COG1912	0.998140
COG1914	0.999082
COG1918	0.999892
COG1921	0.999162
COG1922	0.999795
COG1923	0.996216
COG1924	0.998491
COG1925	0.997968
COG1929	0.941555
COG1932	0.993934
COG1937	0.986081
COG1940	1.000000
COG1942	0.930726
COG1945	0.999854
COG1947	0.999885
COG1950	0.989274
COG1951	0.999526
COG1959	1.000000
COG1960	1.000000
COG1961	0.883014
COG1963	0.945186
COG1966	0.999884
COG1968	0.999899
COG1970	0.971690
COG1971	0.772070
COG1972	0.986772
COG1974	0.999904
COG1975	0.999877
COG1977	0.997803
COG1985	0.999528
COG1987	0.999885
COG1989	0.999866
COG1993	0.920429
COG1994	1.000000
COG1995	0.890314
COG1999	0.908387
COG2001	0.999864
COG2003	0.999865
COG2008	0.980405
COG2014	0.577542
COG2018	0.969169
COG2020	0.999590
COG2021	0.999874
COG2022	0.998106
COG2025	0.997378
COG2027	0.633997
COG2030	0.930315
COG2033	0.999884
COG2038	0.998372
COG2041	0.919870
COG2045	0.562140
COG2046	0.997497
COG2048	0.997722
COG2050	0.997518
COG2052	0.985934
COG2059	0.996053
COG2062	0.999248
COG2063	0.999878
COG2064	0.999344
COG2065	0.999521
COG2068	0.999870
COG2070	0.979918
COG2071	0.992056
COG2077	0.985579
COG2078	0.999888
COG2080	0.999845
COG2081	0.999831
COG2086	0.999244
COG2087	0.998338
COG2088	0.999024
COG2089	0.991917
COG2094	0.994811
COG2095	0.999430
COG2096	0.997331
COG2103	0.990818
COG2104	0.999873
COG2107	0.832711
COG2109	0.999883
COG2110	0.999880
COG2111	0.997359
COG2120	0.999658
COG2121	0.994390
COG2127	0.571167
COG2129	0.999832
COG2131	0.999896
COG2133	0.998945
COG2146	0.932731
COG2148	0.999923
COG2151	0.998526
COG2152	0.946336
COG2154	0.999396
COG2161	0.995391
COG2172	0.999992
COG2176	0.923112
COG2177	0.999888
COG2182	0.677303
COG2183	0.999206
COG2185	0.999768
COG2189	0.999884
COG2191	0.526963
COG2192	0.993764
COG2193	0.997862
COG2195	0.999548
COG2198	0.999891
COG2201	0.999996
COG2202	0.969709
COG2203	1.000000
COG2204	1.000000
COG2205	0.999599
COG2207	0.990500
COG2211	0.838163
COG2212	0.998079
COG2217	0.999870
COG2220	0.999874
COG2222	0.923271
COG2230	0.931077
COG2231	0.997268
COG2234	0.999596
COG2239	0.999902
COG2252	0.999899
COG2253	0.999877
COG2255	0.999899
COG2256	0.999899
COG2257	0.999841
COG2259	0.996940
COG2262	0.999885
COG2264	0.999872
COG2265	0.999905
COG2270	0.749973
COG2309	0.999876
COG2316	0.999040
COG2326	0.992548
COG2327	0.953012
COG2332	0.964791
COG2336	0.531802
COG2337	0.999979
COG2344	0.999913
COG2355	0.942291
COG2358	0.913567
COG2359	0.952814
COG2362	0.869026
COG2367	0.516899
COG2373	0.999457
COG2377	0.999811
COG2379	0.996978
COG2385	0.999987
COG2386	0.948983
COG2391	0.998593
COG2402	0.941419
COG2403	0.825519
COG2414	0.999969
COG2509	0.997420
COG2518	0.999982
COG2605	0.568037
COG2606	0.576950
COG2608	0.909892
COG2703	0.999718
COG2716	0.760213
COG2720	0.816547
COG2723	0.998734
COG2738	0.953431
COG2759	0.999743
COG2768	0.999324
COG2804	1.000000
COG2805	1.000000
COG2812	0.999899
COG2818	0.924904
COG2820	0.878146
COG2825	0.999367
COG2827	0.999899
COG2835	0.991713
COG2843	0.997136
COG2861	0.990227
COG2864	0.884567
COG2868	0.995426
COG2870	0.999602
COG2873	0.998526
COG2876	0.999993
COG2877	0.993405
COG2878	0.999886
COG2884	0.999873
COG2885	0.999917
COG2890	0.999899
COG2891	0.948879
COG2893	0.842109
COG2894	0.668818
COG2895	0.875322
COG2896	0.999876
COG2897	0.693967
COG2905	0.991856
COG2908	0.757533
COG2929	0.874147
COG2963	0.999853
COG2980	0.655713
COG2984	0.998646
COG2986	0.999842
COG2987	0.967563
COG2998	0.945232
COG3005	0.577536
COG3027	0.791222
COG3031	0.585734
COG3086	0.993316
COG3093	0.989528
COG3118	0.999999
COG3156	0.799790
COG3167	0.994526
COG3177	0.999999
COG3216	0.536707
COG3221	0.999989
COG3222	0.857737
COG3225	0.989917
COG3260	0.995719
COG3264	0.781997
COG3267	0.947352
COG3276	0.999098
COG3288	0.988839
COG3294	0.962925
COG3303	0.755413
COG3330	0.993112
COG3359	0.997758
COG3383	0.999204
COG3411	0.715784
COG3426	0.805216
COG3437	1.000000
COG3457	0.684582
COG3467	0.658952
COG3481	0.998882
COG3494	0.995272
COG3580	0.851964
COG3599	0.997752
COG3604	0.783893
COG3608	0.768054
COG3634	0.990843
COG3635	0.998611
COG3640	0.600735
COG3653	0.996060
COG3654	0.992545
COG3696	0.794032
COG3705	0.997166
COG3716	0.968142
COG3745	0.997428
COG3746	0.966270
COG3808	0.999885
COG3809	0.943036
COG3829	0.987637
COG3845	0.674707
COG3852	0.954215
COG3857	0.998843
COG3869	0.958743
COG3875	0.995783
COG3880	0.954567
COG3894	0.994648
COG3920	0.988942
COG3951	0.997729
COG3956	0.999885
COG3958	0.999865
COG3959	0.999883
COG4108	0.501467
COG4122	0.744495
COG4123	0.927051
COG4149	0.979487
COG4166	0.988986
COG4177	0.999999
COG4191	1.000000
COG4206	0.999780
COG4231	0.999885
COG4232	0.988305
COG4237	0.927253
COG4252	0.999965
COG4262	0.993795
COG4576	0.999608
COG4577	0.999103
COG4585	0.999693
COG4586	0.673129
COG4589	0.999898
COG4591	1.000000
COG4603	0.660554
COG4608	0.999963
COG4624	0.999884
COG4632	0.709930
COG4641	0.756109
COG4656	0.999940
COG4657	0.999884
COG4658	0.999891
COG4659	0.999884
COG4660	0.999884
COG4662	0.937806
COG4747	0.974324
COG4783	0.999776
COG4786	1.000000
COG4796	0.999420
COG4799	0.999537
COG4826	0.635309
COG4869	0.593857
COG4953	0.967932
COG4956	0.999875
COG4962	0.999682
COG4963	0.895628
COG4965	0.999167
COG4968	0.998777
COG4992	0.998522
COG5000	0.782808
COG5001	0.999995
COG5002	0.999993
COG5009	0.790774
COG5012	0.896609
COG5405	0.999869
COG5557	0.997305
COG5652	0.655608
