family,fn,fp,MCC_mean,MCC_std,ece_mean,ece_std,n
nohidden_HO_T20_bacFTfpmarginalhq,0.0,0.01,0.3308,0.3194,0.2404,0.1298,10
nohidden_HO_T20_bacFTfpmarginalhq,0.0,0.025,0.3395,0.3153,0.2373,0.1292,10
nohidden_HO_T20_bacFTfpmarginalhq,0.0,0.05,0.351,0.3095,0.2335,0.1282,10
nohidden_HO_T20_bacFTfpmarginalhq,0.0,0.1,0.369,0.2967,0.2292,0.1245,10
nohidden_HO_T20_bacFTfpmarginalhq,0.0,0.2,0.3951,0.2586,0.2363,0.1052,10
nohidden_HO_T20_bacFTfpmarginalhq,0.1,0.01,0.3403,0.2845,0.2274,0.1194,10
nohidden_HO_T20_bacFTfpmarginalhq,0.1,0.025,0.3547,0.2768,0.2221,0.1188,10
nohidden_HO_T20_bacFTfpmarginalhq,0.1,0.05,0.3761,0.2645,0.2148,0.1178,10
nohidden_HO_T20_bacFTfpmarginalhq,0.1,0.1,0.4137,0.2378,0.2064,0.112,10
nohidden_HO_T20_bacFTfpmarginalhq,0.1,0.2,0.4714,0.1812,0.2165,0.0879,10
nohidden_HO_T20_bacFTfpmarginalhq,0.2,0.01,0.3876,0.2322,0.1993,0.1077,10
nohidden_HO_T20_bacFTfpmarginalhq,0.2,0.025,0.4142,0.2207,0.1905,0.1081,10
nohidden_HO_T20_bacFTfpmarginalhq,0.2,0.05,0.4503,0.205,0.1817,0.1062,10
nohidden_HO_T20_bacFTfpmarginalhq,0.2,0.1,0.4948,0.1783,0.1817,0.0953,10
nohidden_HO_T20_bacFTfpmarginalhq,0.2,0.2,0.5184,0.1374,0.2053,0.0829,10
nohidden_HO_T20_bacFTfpmarginalhq,0.3,0.01,0.4726,0.1989,0.1625,0.1056,10
nohidden_HO_T20_bacFTfpmarginalhq,0.3,0.025,0.4912,0.1935,0.1613,0.1024,10
nohidden_HO_T20_bacFTfpmarginalhq,0.3,0.05,0.5085,0.1819,0.164,0.0957,10
nohidden_HO_T20_bacFTfpmarginalhq,0.3,0.1,0.5212,0.157,0.1723,0.0866,10
nohidden_HO_T20_bacFTfpmarginalhq,0.3,0.2,0.5222,0.1181,0.1908,0.0794,10
nohidden_HO_T20_bacFTfpmarginalhq,0.4,0.01,0.4953,0.1889,0.1518,0.0997,10
nohidden_HO_T20_bacFTfpmarginalhq,0.4,0.025,0.5044,0.1822,0.1529,0.0958,10
nohidden_HO_T20_bacFTfpmarginalhq,0.4,0.05,0.5131,0.1706,0.1556,0.09,10
nohidden_HO_T20_bacFTfpmarginalhq,0.4,0.1,0.5197,0.1479,0.1618,0.0812,10
nohidden_HO_T20_bacFTfpmarginalhq,0.4,0.2,0.5182,0.1066,0.174,0.0709,10
nohidden_HO_T20_bacFTfpmarginalhq,0.5,0.01,0.5007,0.1791,0.1445,0.094,10
nohidden_HO_T20_bacFTfpmarginalhq,0.5,0.025,0.5068,0.1733,0.1452,0.0905,10
nohidden_HO_T20_bacFTfpmarginalhq,0.5,0.05,0.5123,0.1633,0.1472,0.0849,10
nohidden_HO_T20_bacFTfpmarginalhq,0.5,0.1,0.5139,0.1439,0.1519,0.0753,10
nohidden_HO_T20_bacFTfpmarginalhq,0.5,0.2,0.5055,0.1082,0.154,0.0594,10
nohidden_HO_T20_bacFTfpmarginalhq,0.6,0.01,0.5043,0.1699,0.1388,0.0883,10
nohidden_HO_T20_bacFTfpmarginalhq,0.6,0.025,0.5076,0.165,0.1393,0.085,10
nohidden_HO_T20_bacFTfpmarginalhq,0.6,0.05,0.5093,0.1567,0.141,0.0794,10
nohidden_HO_T20_bacFTfpmarginalhq,0.6,0.1,0.5026,0.1418,0.1442,0.0692,10
nohidden_HO_T20_bacFTfpmarginalhq,0.6,0.2,0.4634,0.1207,0.1335,0.0492,10
nohidden_HO_T20_bacFTfpmarginalhq,0.7,0.01,0.5036,0.1613,0.1356,0.0827,10
nohidden_HO_T20_bacFTfpmarginalhq,0.7,0.025,0.5041,0.157,0.1363,0.0792,10
nohidden_HO_T20_bacFTfpmarginalhq,0.7,0.05,0.4994,0.1499,0.1386,0.0736,10
nohidden_HO_T20_bacFTfpmarginalhq,0.7,0.1,0.4797,0.1385,0.1386,0.0637,10
nohidden_HO_T20_bacFTfpmarginalhq,0.7,0.2,0.2989,0.1028,0.1613,0.0461,10
nohidden_HO_T20_bacFTfpmarginalhq,0.8,0.01,0.4938,0.1544,0.135,0.0779,10
nohidden_HO_T20_bacFTfpmarginalhq,0.8,0.025,0.4888,0.1496,0.1367,0.0741,10
nohidden_HO_T20_bacFTfpmarginalhq,0.8,0.05,0.4742,0.1413,0.1398,0.0682,10
nohidden_HO_T20_bacFTfpmarginalhq,0.8,0.1,0.4226,0.1245,0.1407,0.0567,10
nohidden_HO_T20_bacFTfpmarginalhq,0.8,0.2,0.0992,0.0923,0.2096,0.045,10
nohidden_HO_T20_bacFTfpmarginalhq,0.9,0.01,0.4571,0.1482,0.1363,0.0742,10
nohidden_HO_T20_bacFTfpmarginalhq,0.9,0.025,0.4374,0.1385,0.1414,0.0689,10
nohidden_HO_T20_bacFTfpmarginalhq,0.9,0.05,0.3981,0.1227,0.1498,0.0607,10
nohidden_HO_T20_bacFTfpmarginalhq,0.9,0.1,0.254,0.0996,0.1792,0.0496,10
nohidden_HO_T20_bacFTfpmarginalhq,0.9,0.2,0.0162,0.0688,0.2298,0.0396,10
nohidden_HO_T20_bacFTfpreal,0.0,0.01,0.3535,0.2957,0.2279,0.1096,10
nohidden_HO_T20_bacFTfpreal,0.0,0.025,0.3794,0.2775,0.2211,0.1054,10
nohidden_HO_T20_bacFTfpreal,0.0,0.05,0.4289,0.2418,0.2115,0.0998,10
nohidden_HO_T20_bacFTfpreal,0.0,0.1,0.4967,0.1961,0.2171,0.0869,10
nohidden_HO_T20_bacFTfpreal,0.0,0.2,0.5215,0.1496,0.2512,0.0825,10
nohidden_HO_T20_bacFTfpreal,0.1,0.01,0.4078,0.2346,0.2018,0.0982,10
nohidden_HO_T20_bacFTfpreal,0.1,0.025,0.4582,0.211,0.1912,0.0964,10
nohidden_HO_T20_bacFTfpreal,0.1,0.05,0.5043,0.189,0.1927,0.0893,10
nohidden_HO_T20_bacFTfpreal,0.1,0.1,0.5326,0.1551,0.2052,0.083,10
nohidden_HO_T20_bacFTfpreal,0.1,0.2,0.5299,0.1289,0.2317,0.0807,10
nohidden_HO_T20_bacFTfpreal,0.2,0.01,0.4951,0.1923,0.1732,0.0932,10
nohidden_HO_T20_bacFTfpreal,0.2,0.025,0.519,0.18,0.175,0.0886,10
nohidden_HO_T20_bacFTfpreal,0.2,0.05,0.5344,0.1634,0.18,0.0843,10
nohidden_HO_T20_bacFTfpreal,0.2,0.1,0.5399,0.1407,0.1903,0.0807,10
nohidden_HO_T20_bacFTfpreal,0.2,0.2,0.5329,0.1119,0.2122,0.0784,10
nohidden_HO_T20_bacFTfpreal,0.3,0.01,0.5212,0.1786,0.1606,0.0888,10
nohidden_HO_T20_bacFTfpreal,0.3,0.025,0.5299,0.17,0.1631,0.0856,10
nohidden_HO_T20_bacFTfpreal,0.3,0.05,0.5362,0.1569,0.167,0.082,10
nohidden_HO_T20_bacFTfpreal,0.3,0.1,0.5385,0.1338,0.1755,0.077,10
nohidden_HO_T20_bacFTfpreal,0.3,0.2,0.5315,0.0984,0.1928,0.0733,10
nohidden_HO_T20_bacFTfpreal,0.4,0.01,0.5224,0.1737,0.1498,0.0868,10
nohidden_HO_T20_bacFTfpreal,0.4,0.025,0.5283,0.1662,0.1515,0.084,10
nohidden_HO_T20_bacFTfpreal,0.4,0.05,0.5328,0.1546,0.1547,0.0798,10
nohidden_HO_T20_bacFTfpreal,0.4,0.1,0.5334,0.1323,0.162,0.0729,10
nohidden_HO_T20_bacFTfpreal,0.4,0.2,0.5245,0.092,0.1732,0.0647,10
nohidden_HO_T20_bacFTfpreal,0.5,0.01,0.5211,0.1692,0.1397,0.0853,10
nohidden_HO_T20_bacFTfpreal,0.5,0.025,0.5256,0.1632,0.1411,0.0823,10
nohidden_HO_T20_bacFTfpreal,0.5,0.05,0.5282,0.1534,0.1441,0.0775,10
nohidden_HO_T20_bacFTfpreal,0.5,0.1,0.5245,0.1342,0.1499,0.0686,10
nohidden_HO_T20_bacFTfpreal,0.5,0.2,0.5082,0.0989,0.1519,0.0549,10
nohidden_HO_T20_bacFTfpreal,0.6,0.01,0.5193,0.1637,0.1318,0.0829,10
nohidden_HO_T20_bacFTfpreal,0.6,0.025,0.5217,0.1591,0.1331,0.0799,10
nohidden_HO_T20_bacFTfpreal,0.6,0.05,0.521,0.1514,0.136,0.0746,10
nohidden_HO_T20_bacFTfpreal,0.6,0.1,0.5098,0.137,0.1398,0.0648,10
nohidden_HO_T20_bacFTfpreal,0.6,0.2,0.4603,0.1156,0.133,0.0461,10
nohidden_HO_T20_bacFTfpreal,0.7,0.01,0.5142,0.1579,0.1268,0.0794,10
nohidden_HO_T20_bacFTfpreal,0.7,0.025,0.5142,0.1544,0.1281,0.0764,10
nohidden_HO_T20_bacFTfpreal,0.7,0.05,0.5078,0.1481,0.1312,0.0712,10
nohidden_HO_T20_bacFTfpreal,0.7,0.1,0.482,0.1382,0.1316,0.062,10
nohidden_HO_T20_bacFTfpreal,0.7,0.2,0.2924,0.0973,0.1603,0.0439,10
nohidden_HO_T20_bacFTfpreal,0.8,0.01,0.5027,0.1534,0.1247,0.0757,10
nohidden_HO_T20_bacFTfpreal,0.8,0.025,0.4975,0.1497,0.1264,0.0727,10
nohidden_HO_T20_bacFTfpreal,0.8,0.05,0.4802,0.1428,0.1295,0.0676,10
nohidden_HO_T20_bacFTfpreal,0.8,0.1,0.4092,0.1243,0.1355,0.0561,10
nohidden_HO_T20_bacFTfpreal,0.8,0.2,0.1,0.0775,0.2087,0.0432,10
nohidden_HO_T20_bacFTfpreal,0.9,0.01,0.4614,0.1479,0.1253,0.0714,10
nohidden_HO_T20_bacFTfpreal,0.9,0.025,0.4395,0.1388,0.1302,0.0672,10
nohidden_HO_T20_bacFTfpreal,0.9,0.05,0.3895,0.1219,0.1412,0.0595,10
nohidden_HO_T20_bacFTfpreal,0.9,0.1,0.2143,0.0887,0.1845,0.0511,10
nohidden_HO_T20_bacFTfpreal,0.9,0.2,0.0185,0.0623,0.2295,0.0387,10
nohidden_HO_T20_bacFTfprealhq,0.0,0.01,0.3684,0.2885,0.2228,0.1075,10
nohidden_HO_T20_bacFTfprealhq,0.0,0.025,0.3971,0.2677,0.2157,0.1038,10
nohidden_HO_T20_bacFTfprealhq,0.0,0.05,0.4437,0.2352,0.2077,0.0986,10
nohidden_HO_T20_bacFTfprealhq,0.0,0.1,0.5053,0.1921,0.2149,0.0853,10
nohidden_HO_T20_bacFTfprealhq,0.0,0.2,0.5252,0.1472,0.2491,0.0807,10
nohidden_HO_T20_bacFTfprealhq,0.1,0.01,0.4361,0.2234,0.193,0.098,10
nohidden_HO_T20_bacFTfprealhq,0.1,0.025,0.4791,0.2053,0.1868,0.0954,10
nohidden_HO_T20_bacFTfprealhq,0.1,0.05,0.5154,0.1855,0.1905,0.0883,10
nohidden_HO_T20_bacFTfprealhq,0.1,0.1,0.538,0.1537,0.2034,0.0822,10
nohidden_HO_T20_bacFTfprealhq,0.1,0.2,0.5323,0.1272,0.2306,0.0796,10
nohidden_HO_T20_bacFTfprealhq,0.2,0.01,0.514,0.1894,0.1704,0.0921,10
nohidden_HO_T20_bacFTfprealhq,0.2,0.025,0.5292,0.1787,0.1734,0.0881,10
nohidden_HO_T20_bacFTfprealhq,0.2,0.05,0.5396,0.1635,0.1786,0.0842,10
nohidden_HO_T20_bacFTfprealhq,0.2,0.1,0.5426,0.1406,0.1894,0.0803,10
nohidden_HO_T20_bacFTfprealhq,0.2,0.2,0.5343,0.1107,0.2119,0.0777,10
nohidden_HO_T20_bacFTfprealhq,0.3,0.01,0.5282,0.1792,0.1599,0.0886,10
nohidden_HO_T20_bacFTfprealhq,0.3,0.025,0.5343,0.1707,0.1622,0.0857,10
nohidden_HO_T20_bacFTfprealhq,0.3,0.05,0.5391,0.1577,0.1663,0.0821,10
nohidden_HO_T20_bacFTfprealhq,0.3,0.1,0.54,0.1339,0.1755,0.0767,10
nohidden_HO_T20_bacFTfprealhq,0.3,0.2,0.5321,0.0975,0.1932,0.073,10
nohidden_HO_T20_bacFTfprealhq,0.4,0.01,0.5266,0.1745,0.1493,0.087,10
nohidden_HO_T20_bacFTfprealhq,0.4,0.025,0.5313,0.1671,0.1512,0.0841,10
nohidden_HO_T20_bacFTfprealhq,0.4,0.05,0.5348,0.1553,0.1549,0.0798,10
nohidden_HO_T20_bacFTfprealhq,0.4,0.1,0.5339,0.1322,0.1631,0.0725,10
nohidden_HO_T20_bacFTfprealhq,0.4,0.2,0.5245,0.0913,0.1742,0.0646,10
nohidden_HO_T20_bacFTfprealhq,0.5,0.01,0.5241,0.17,0.1399,0.0853,10
nohidden_HO_T20_bacFTfprealhq,0.5,0.025,0.5278,0.1639,0.1416,0.0823,10
nohidden_HO_T20_bacFTfprealhq,0.5,0.05,0.5294,0.1536,0.1453,0.0773,10
nohidden_HO_T20_bacFTfprealhq,0.5,0.1,0.5243,0.1335,0.152,0.0682,10
nohidden_HO_T20_bacFTfprealhq,0.5,0.2,0.5079,0.098,0.1535,0.0548,10
nohidden_HO_T20_bacFTfprealhq,0.6,0.01,0.5216,0.1644,0.1326,0.0828,10
nohidden_HO_T20_bacFTfprealhq,0.6,0.025,0.5233,0.1595,0.1344,0.0797,10
nohidden_HO_T20_bacFTfprealhq,0.6,0.05,0.5216,0.1511,0.1381,0.0741,10
nohidden_HO_T20_bacFTfprealhq,0.6,0.1,0.5093,0.1358,0.1428,0.0642,10
nohidden_HO_T20_bacFTfprealhq,0.6,0.2,0.4615,0.1149,0.1347,0.0457,10
nohidden_HO_T20_bacFTfprealhq,0.7,0.01,0.516,0.1584,0.1282,0.0793,10
nohidden_HO_T20_bacFTfprealhq,0.7,0.025,0.5154,0.1543,0.1301,0.076,10
nohidden_HO_T20_bacFTfprealhq,0.7,0.05,0.508,0.1473,0.1342,0.0705,10
nohidden_HO_T20_bacFTfprealhq,0.7,0.1,0.4823,0.1365,0.1353,0.0611,10
nohidden_HO_T20_bacFTfprealhq,0.7,0.2,0.2988,0.0999,0.1589,0.0441,10
nohidden_HO_T20_bacFTfprealhq,0.8,0.01,0.5044,0.1536,0.1263,0.0757,10
nohidden_HO_T20_bacFTfprealhq,0.8,0.025,0.4986,0.1492,0.129,0.0722,10
nohidden_HO_T20_bacFTfprealhq,0.8,0.05,0.4809,0.1415,0.133,0.0668,10
nohidden_HO_T20_bacFTfprealhq,0.8,0.1,0.4167,0.1254,0.1368,0.0559,10
nohidden_HO_T20_bacFTfprealhq,0.8,0.2,0.1018,0.0786,0.2082,0.0435,10
nohidden_HO_T20_bacFTfprealhq,0.9,0.01,0.4651,0.1482,0.1268,0.0718,10
nohidden_HO_T20_bacFTfprealhq,0.9,0.025,0.4438,0.139,0.1322,0.0673,10
nohidden_HO_T20_bacFTfprealhq,0.9,0.05,0.3985,0.1239,0.1421,0.0599,10
nohidden_HO_T20_bacFTfprealhq,0.9,0.1,0.2317,0.0906,0.1808,0.0506,10
nohidden_HO_T20_bacFTfprealhq,0.9,0.2,0.0188,0.0634,0.2294,0.0388,10
nohidden_HO_T20_mixFTfpmarginalhq,0.0,0.01,0.3543,0.2989,0.2337,0.1232,10
nohidden_HO_T20_mixFTfpmarginalhq,0.0,0.025,0.3615,0.296,0.2313,0.1233,10
nohidden_HO_T20_mixFTfpmarginalhq,0.0,0.05,0.3715,0.2916,0.2283,0.1233,10
nohidden_HO_T20_mixFTfpmarginalhq,0.0,0.1,0.3875,0.2821,0.2253,0.1207,10
nohidden_HO_T20_mixFTfpmarginalhq,0.0,0.2,0.4078,0.2502,0.2309,0.1051,10
nohidden_HO_T20_mixFTfpmarginalhq,0.1,0.01,0.3534,0.2683,0.2255,0.1144,10
nohidden_HO_T20_mixFTfpmarginalhq,0.1,0.025,0.3638,0.2635,0.2221,0.1147,10
nohidden_HO_T20_mixFTfpmarginalhq,0.1,0.05,0.3784,0.2563,0.2174,0.1151,10
nohidden_HO_T20_mixFTfpmarginalhq,0.1,0.1,0.402,0.2394,0.2123,0.1117,10
nohidden_HO_T20_mixFTfpmarginalhq,0.1,0.2,0.4676,0.1747,0.2165,0.0881,10
nohidden_HO_T20_mixFTfpmarginalhq,0.2,0.01,0.3707,0.2287,0.2111,0.1048,10
nohidden_HO_T20_mixFTfpmarginalhq,0.2,0.025,0.3872,0.2215,0.2057,0.1054,10
nohidden_HO_T20_mixFTfpmarginalhq,0.2,0.05,0.4107,0.2087,0.1988,0.1047,10
nohidden_HO_T20_mixFTfpmarginalhq,0.2,0.1,0.4544,0.1769,0.1919,0.0958,10
nohidden_HO_T20_mixFTfpmarginalhq,0.2,0.2,0.5115,0.1237,0.2091,0.0825,10
nohidden_HO_T20_mixFTfpmarginalhq,0.3,0.01,0.4292,0.1869,0.1825,0.0986,10
nohidden_HO_T20_mixFTfpmarginalhq,0.3,0.025,0.4508,0.1806,0.1766,0.0987,10
nohidden_HO_T20_mixFTfpmarginalhq,0.3,0.05,0.4781,0.1689,0.1736,0.094,10
nohidden_HO_T20_mixFTfpmarginalhq,0.3,0.1,0.5046,0.1434,0.1794,0.0834,10
nohidden_HO_T20_mixFTfpmarginalhq,0.3,0.2,0.5121,0.103,0.1957,0.0779,10
nohidden_HO_T20_mixFTfpmarginalhq,0.4,0.01,0.4797,0.1772,0.1604,0.0968,10
nohidden_HO_T20_mixFTfpmarginalhq,0.4,0.025,0.4899,0.171,0.1608,0.093,10
nohidden_HO_T20_mixFTfpmarginalhq,0.4,0.05,0.4991,0.1591,0.1631,0.0867,10
nohidden_HO_T20_mixFTfpmarginalhq,0.4,0.1,0.5059,0.1342,0.1687,0.0771,10
nohidden_HO_T20_mixFTfpmarginalhq,0.4,0.2,0.5046,0.0921,0.1781,0.0694,10
nohidden_HO_T20_mixFTfpmarginalhq,0.5,0.01,0.4874,0.1695,0.1515,0.0917,10
nohidden_HO_T20_mixFTfpmarginalhq,0.5,0.025,0.493,0.1635,0.152,0.0879,10
nohidden_HO_T20_mixFTfpmarginalhq,0.5,0.05,0.4981,0.1528,0.1539,0.0817,10
nohidden_HO_T20_mixFTfpmarginalhq,0.5,0.1,0.4987,0.1312,0.1586,0.071,10
nohidden_HO_T20_mixFTfpmarginalhq,0.5,0.2,0.4873,0.095,0.1579,0.0583,10
nohidden_HO_T20_mixFTfpmarginalhq,0.6,0.01,0.4887,0.1618,0.1446,0.0868,10
nohidden_HO_T20_mixFTfpmarginalhq,0.6,0.025,0.4926,0.1564,0.1452,0.083,10
nohidden_HO_T20_mixFTfpmarginalhq,0.6,0.05,0.4936,0.1473,0.1474,0.0766,10
nohidden_HO_T20_mixFTfpmarginalhq,0.6,0.1,0.486,0.1309,0.1502,0.0657,10
nohidden_HO_T20_mixFTfpmarginalhq,0.6,0.2,0.4401,0.1114,0.1384,0.0469,10
nohidden_HO_T20_mixFTfpmarginalhq,0.7,0.01,0.4873,0.1547,0.1407,0.082,10
nohidden_HO_T20_mixFTfpmarginalhq,0.7,0.025,0.4878,0.1498,0.1418,0.078,10
nohidden_HO_T20_mixFTfpmarginalhq,0.7,0.05,0.4833,0.142,0.1441,0.0717,10
nohidden_HO_T20_mixFTfpmarginalhq,0.7,0.1,0.4636,0.1314,0.1431,0.0617,10
nohidden_HO_T20_mixFTfpmarginalhq,0.7,0.2,0.272,0.0961,0.1658,0.0429,10
nohidden_HO_T20_mixFTfpmarginalhq,0.8,0.01,0.4778,0.1496,0.1392,0.078,10
nohidden_HO_T20_mixFTfpmarginalhq,0.8,0.025,0.4737,0.1449,0.141,0.0738,10
nohidden_HO_T20_mixFTfpmarginalhq,0.8,0.05,0.461,0.1379,0.143,0.0678,10
nohidden_HO_T20_mixFTfpmarginalhq,0.8,0.1,0.4089,0.1275,0.1405,0.0583,10
nohidden_HO_T20_mixFTfpmarginalhq,0.8,0.2,0.0759,0.0873,0.2154,0.0447,10
nohidden_HO_T20_mixFTfpmarginalhq,0.9,0.01,0.4433,0.1489,0.1383,0.0757,10
nohidden_HO_T20_mixFTfpmarginalhq,0.9,0.025,0.4273,0.1428,0.1414,0.0712,10
nohidden_HO_T20_mixFTfpmarginalhq,0.9,0.05,0.3825,0.1292,0.1491,0.0641,10
nohidden_HO_T20_mixFTfpmarginalhq,0.9,0.1,0.185,0.0931,0.1938,0.0533,10
nohidden_HO_T20_mixFTfpmarginalhq,0.9,0.2,0.0041,0.0676,0.2344,0.0408,10
nohidden_HO_T20_mixFTfpreal,0.0,0.01,0.3364,0.2869,0.2313,0.1079,10
nohidden_HO_T20_mixFTfpreal,0.0,0.025,0.3637,0.2677,0.224,0.1036,10
nohidden_HO_T20_mixFTfpreal,0.0,0.05,0.4182,0.231,0.2161,0.0973,10
nohidden_HO_T20_mixFTfpreal,0.0,0.1,0.4845,0.1811,0.2311,0.0863,10
nohidden_HO_T20_mixFTfpreal,0.0,0.2,0.4951,0.1534,0.268,0.0916,10
nohidden_HO_T20_mixFTfpreal,0.1,0.01,0.3969,0.2188,0.2056,0.0956,10
nohidden_HO_T20_mixFTfpreal,0.1,0.025,0.4471,0.1949,0.1984,0.0921,10
nohidden_HO_T20_mixFTfpreal,0.1,0.05,0.489,0.1727,0.2045,0.0857,10
nohidden_HO_T20_mixFTfpreal,0.1,0.1,0.5066,0.1478,0.2219,0.0845,10
nohidden_HO_T20_mixFTfpreal,0.1,0.2,0.5037,0.1291,0.2471,0.087,10
nohidden_HO_T20_mixFTfpreal,0.2,0.01,0.4764,0.1783,0.1827,0.0891,10
nohidden_HO_T20_mixFTfpreal,0.2,0.025,0.4977,0.1699,0.1858,0.0855,10
nohidden_HO_T20_mixFTfpreal,0.2,0.05,0.5088,0.1551,0.1929,0.0822,10
nohidden_HO_T20_mixFTfpreal,0.2,0.1,0.5126,0.133,0.2047,0.0804,10
nohidden_HO_T20_mixFTfpreal,0.2,0.2,0.507,0.1095,0.226,0.0825,10
nohidden_HO_T20_mixFTfpreal,0.3,0.01,0.4973,0.1717,0.1698,0.0868,10
nohidden_HO_T20_mixFTfpreal,0.3,0.025,0.5059,0.1635,0.1729,0.0839,10
nohidden_HO_T20_mixFTfpreal,0.3,0.05,0.5113,0.1498,0.1779,0.0804,10
nohidden_HO_T20_mixFTfpreal,0.3,0.1,0.5118,0.1257,0.1883,0.0762,10
nohidden_HO_T20_mixFTfpreal,0.3,0.2,0.5046,0.0937,0.2061,0.0765,10
nohidden_HO_T20_mixFTfpreal,0.4,0.01,0.5004,0.168,0.1575,0.0859,10
nohidden_HO_T20_mixFTfpreal,0.4,0.025,0.5059,0.1605,0.1599,0.0829,10
nohidden_HO_T20_mixFTfpreal,0.4,0.05,0.5093,0.1483,0.1642,0.0786,10
nohidden_HO_T20_mixFTfpreal,0.4,0.1,0.5074,0.1242,0.1736,0.0719,10
nohidden_HO_T20_mixFTfpreal,0.4,0.2,0.4972,0.0849,0.1857,0.0678,10
nohidden_HO_T20_mixFTfpreal,0.5,0.01,0.5001,0.1642,0.1465,0.0851,10
nohidden_HO_T20_mixFTfpreal,0.5,0.025,0.5039,0.158,0.1485,0.082,10
nohidden_HO_T20_mixFTfpreal,0.5,0.05,0.5053,0.1473,0.1528,0.0768,10
nohidden_HO_T20_mixFTfpreal,0.5,0.1,0.499,0.1255,0.1609,0.0676,10
nohidden_HO_T20_mixFTfpreal,0.5,0.2,0.4798,0.0894,0.1644,0.0575,10
nohidden_HO_T20_mixFTfpreal,0.6,0.01,0.4985,0.1588,0.1377,0.0834,10
nohidden_HO_T20_mixFTfpreal,0.6,0.025,0.5009,0.1537,0.1397,0.08,10
nohidden_HO_T20_mixFTfpreal,0.6,0.05,0.4987,0.1448,0.1441,0.0741,10
nohidden_HO_T20_mixFTfpreal,0.6,0.1,0.4855,0.1278,0.1499,0.0637,10
nohidden_HO_T20_mixFTfpreal,0.6,0.2,0.4339,0.1069,0.1442,0.0461,10
nohidden_HO_T20_mixFTfpreal,0.7,0.01,0.4945,0.1525,0.1322,0.0801,10
nohidden_HO_T20_mixFTfpreal,0.7,0.025,0.4939,0.1483,0.1344,0.0767,10
nohidden_HO_T20_mixFTfpreal,0.7,0.05,0.487,0.1409,0.1386,0.0706,10
nohidden_HO_T20_mixFTfpreal,0.7,0.1,0.4609,0.1302,0.1401,0.0607,10
nohidden_HO_T20_mixFTfpreal,0.7,0.2,0.2757,0.0943,0.1636,0.0415,10
nohidden_HO_T20_mixFTfpreal,0.8,0.01,0.484,0.1474,0.1295,0.0763,10
nohidden_HO_T20_mixFTfpreal,0.8,0.025,0.479,0.1439,0.1317,0.0731,10
nohidden_HO_T20_mixFTfpreal,0.8,0.05,0.4633,0.1377,0.1348,0.0674,10
nohidden_HO_T20_mixFTfpreal,0.8,0.1,0.3936,0.1242,0.1382,0.0573,10
nohidden_HO_T20_mixFTfpreal,0.8,0.2,0.0781,0.078,0.214,0.0427,10
nohidden_HO_T20_mixFTfpreal,0.9,0.01,0.4462,0.1453,0.1289,0.0722,10
nohidden_HO_T20_mixFTfpreal,0.9,0.025,0.4278,0.1399,0.132,0.0688,10
nohidden_HO_T20_mixFTfpreal,0.9,0.05,0.3729,0.1241,0.1428,0.0614,10
nohidden_HO_T20_mixFTfpreal,0.9,0.1,0.1545,0.0883,0.198,0.0531,10
nohidden_HO_T20_mixFTfpreal,0.9,0.2,0.0033,0.0617,0.2341,0.0398,10
nohidden_HO_T20_mixFTfprealhq,0.0,0.01,0.3512,0.2773,0.2262,0.1056,10
nohidden_HO_T20_mixFTfprealhq,0.0,0.025,0.3825,0.2563,0.2188,0.1018,10
nohidden_HO_T20_mixFTfprealhq,0.0,0.05,0.4351,0.2228,0.2134,0.0957,10
nohidden_HO_T20_mixFTfprealhq,0.0,0.1,0.4917,0.179,0.2292,0.0855,10
nohidden_HO_T20_mixFTfprealhq,0.0,0.2,0.4992,0.1515,0.2651,0.0887,10
nohidden_HO_T20_mixFTfprealhq,0.1,0.01,0.4254,0.208,0.1986,0.0946,10
nohidden_HO_T20_mixFTfprealhq,0.1,0.025,0.4673,0.1905,0.1956,0.0911,10
nohidden_HO_T20_mixFTfprealhq,0.1,0.05,0.4984,0.1719,0.2028,0.0855,10
nohidden_HO_T20_mixFTfprealhq,0.1,0.1,0.5117,0.1479,0.2192,0.0834,10
nohidden_HO_T20_mixFTfprealhq,0.1,0.2,0.5069,0.128,0.2449,0.0851,10
nohidden_HO_T20_mixFTfprealhq,0.2,0.01,0.4915,0.1797,0.1805,0.0894,10
nohidden_HO_T20_mixFTfprealhq,0.2,0.025,0.5057,0.1711,0.1844,0.0859,10
nohidden_HO_T20_mixFTfprealhq,0.2,0.05,0.5137,0.1565,0.1911,0.0826,10
nohidden_HO_T20_mixFTfprealhq,0.2,0.1,0.5156,0.1339,0.2031,0.0801,10
nohidden_HO_T20_mixFTfprealhq,0.2,0.2,0.5088,0.1092,0.2249,0.0817,10
nohidden_HO_T20_mixFTfprealhq,0.3,0.01,0.5035,0.1733,0.1689,0.0874,10
nohidden_HO_T20_mixFTfprealhq,0.3,0.025,0.5097,0.1649,0.1718,0.0846,10
nohidden_HO_T20_mixFTfprealhq,0.3,0.05,0.5139,0.1511,0.1769,0.0809,10
nohidden_HO_T20_mixFTfprealhq,0.3,0.1,0.5131,0.1266,0.1879,0.0762,10
nohidden_HO_T20_mixFTfprealhq,0.3,0.2,0.5054,0.0938,0.206,0.0763,10
nohidden_HO_T20_mixFTfprealhq,0.4,0.01,0.5036,0.1692,0.157,0.0865,10
nohidden_HO_T20_mixFTfprealhq,0.4,0.025,0.5081,0.1617,0.1595,0.0835,10
nohidden_HO_T20_mixFTfprealhq,0.4,0.05,0.5106,0.1493,0.1642,0.079,10
nohidden_HO_T20_mixFTfprealhq,0.4,0.1,0.5077,0.1246,0.1743,0.0718,10
nohidden_HO_T20_mixFTfprealhq,0.4,0.2,0.497,0.0852,0.1865,0.0679,10
nohidden_HO_T20_mixFTfprealhq,0.5,0.01,0.502,0.1651,0.1465,0.0855,10
nohidden_HO_T20_mixFTfprealhq,0.5,0.025,0.5052,0.1589,0.1488,0.0823,10
nohidden_HO_T20_mixFTfprealhq,0.5,0.05,0.5058,0.1477,0.1537,0.0768,10
nohidden_HO_T20_mixFTfprealhq,0.5,0.1,0.4985,0.1253,0.1627,0.0674,10
nohidden_HO_T20_mixFTfprealhq,0.5,0.2,0.4791,0.0894,0.166,0.0579,10
nohidden_HO_T20_mixFTfprealhq,0.6,0.01,0.4998,0.1595,0.1384,0.0835,10
nohidden_HO_T20_mixFTfprealhq,0.6,0.025,0.5017,0.1541,0.1409,0.0799,10
nohidden_HO_T20_mixFTfprealhq,0.6,0.05,0.4985,0.1446,0.146,0.0738,10
nohidden_HO_T20_mixFTfprealhq,0.6,0.1,0.4845,0.1271,0.1526,0.0632,10
nohidden_HO_T20_mixFTfprealhq,0.6,0.2,0.4345,0.1065,0.1462,0.0462,10
nohidden_HO_T20_mixFTfprealhq,0.7,0.01,0.4953,0.1529,0.1335,0.08,10
nohidden_HO_T20_mixFTfprealhq,0.7,0.025,0.4941,0.1483,0.1364,0.0763,10
nohidden_HO_T20_mixFTfprealhq,0.7,0.05,0.4863,0.1402,0.1415,0.0699,10
nohidden_HO_T20_mixFTfprealhq,0.7,0.1,0.4604,0.129,0.1438,0.06,10
nohidden_HO_T20_mixFTfprealhq,0.7,0.2,0.2834,0.097,0.1622,0.042,10
nohidden_HO_T20_mixFTfprealhq,0.8,0.01,0.4847,0.1477,0.1313,0.0762,10
nohidden_HO_T20_mixFTfprealhq,0.8,0.025,0.4791,0.1435,0.1345,0.0725,10
nohidden_HO_T20_mixFTfprealhq,0.8,0.05,0.4632,0.1367,0.1385,0.0665,10
nohidden_HO_T20_mixFTfprealhq,0.8,0.1,0.4006,0.1253,0.14,0.0572,10
nohidden_HO_T20_mixFTfprealhq,0.8,0.2,0.0826,0.0786,0.213,0.0429,10
nohidden_HO_T20_mixFTfprealhq,0.9,0.01,0.4471,0.1457,0.1307,0.0728,10
nohidden_HO_T20_mixFTfprealhq,0.9,0.025,0.4305,0.1405,0.134,0.0694,10
nohidden_HO_T20_mixFTfprealhq,0.9,0.05,0.3825,0.1268,0.1432,0.0625,10
nohidden_HO_T20_mixFTfprealhq,0.9,0.1,0.1727,0.0878,0.1939,0.0526,10
nohidden_HO_T20_mixFTfprealhq,0.9,0.2,0.0054,0.0631,0.2336,0.04,10
